repo,test_id,framework,locator_event_count,ui_action_count,dominant_locator_strategy,sync_event_count,sync_pattern_counts_json,workflow_event_count,abstraction_kind_counts_json,workflow_archetype,workflow_archetype_basis,workflow_archetype_final,workflow_archetype_final_basis,top_workflow_evidence_json,top_two_workflow_sources,manual_workflow_archetype_ok,manual_workflow_archetype_should_be,manual_notes,event_snippet,snippet_truncated,file_path,enclosing_function_or_helper_snippet,test_body_context_snippet
mattermost/mattermost,952e8b1ad290a8579ca80586a5756686,Cypress,2,9,css_selector,3,"{""assertion_retry_wait"": 2, ""predicate_or_custom_condition"": 1}",62,"{""hook_setup_flow"": 1, ""domain_helper"": 51, ""cypress_custom_command"": 10}",framework_extension_centric,dominant_source:hook_ui,framework_extension_centric,deterministic_llm_guard,"[{""source"": ""helper_calls"", ""count"": 5}, {""source"": ""cypress_command_ui"", ""count"": 4}, {""source"": ""hook_ui"", ""count"": 3}, {""source"": ""test_body_ui"", ""count"": 2}]","[{""count"": 4, ""share"": 0.444444, ""source"": ""cypress_command_ui""}, {""count"": 3, ""share"": 0.333333, ""source"": ""hook_ui""}]",correct,n/a,Workflow archetype agrees with dominant-source/evidence summary.,,false,,,
UI5/webcomponents,5a76799d0c290d274a1cedf128d05e9d,Cypress,20,21,custom_locator_helper,6,"{""assertion_retry_wait"": 6}",24,"{""cypress_custom_command"": 24}",framework_extension_centric,dominant_source:cypress_command_ui,framework_extension_centric,deterministic,"[{""source"": ""cypress_command_ui"", ""count"": 19}, {""source"": ""test_body_ui"", ""count"": 2}]","[{""count"": 19, ""share"": 0.904762, ""source"": ""cypress_command_ui""}, {""count"": 2, ""share"": 0.095238, ""source"": ""test_body_ui""}]",correct,n/a,Workflow archetype agrees with dominant-source/evidence summary.,,false,,,
graphile/starter,4c136214a9fc8a41667f032375b9e2a9,Cypress,1,3,css_selector,3,"{""assertion_retry_wait"": 3}",8,"{""cypress_custom_command"": 3, ""domain_helper"": 5}",framework_extension_centric,dominant_source:cypress_command_ui,framework_extension_centric,deterministic,"[{""source"": ""cypress_command_ui"", ""count"": 2}, {""source"": ""test_body_ui"", ""count"": 1}]","[{""count"": 2, ""share"": 0.666667, ""source"": ""cypress_command_ui""}, {""count"": 1, ""share"": 0.333333, ""source"": ""test_body_ui""}]",correct,n/a,Workflow archetype agrees with dominant-source/evidence summary.,,false,,,
mattermost/mattermost,7ba402a800c34d0828df8c94139317b7,Cypress,17,23,role_or_accessibility,13,"{""assertion_retry_wait"": 12, ""fixed_delay"": 1}",95,"{""unresolved_helper"": 3, ""domain_helper"": 69, ""cypress_custom_command"": 23}",framework_extension_centric,dominant_source:cypress_command_ui,framework_extension_centric,deterministic,"[{""source"": ""test_body_ui"", ""count"": 10}, {""source"": ""cypress_command_ui"", ""count"": 10}, {""source"": ""helper_calls"", ""count"": 8}, {""source"": ""hook_ui"", ""count"": 3}, {""source"": ""unresolved_helper_calls"", ""count"": 3}]","[{""count"": 10, ""share"": 0.434783, ""source"": ""cypress_command_ui""}, {""count"": 10, ""share"": 0.434783, ""source"": ""test_body_ui""}]",correct,n/a,Workflow archetype agrees with dominant-source/evidence summary.,,false,,,
mattermost/mattermost,76e6d3b9b4520218a5e38973d61073d4,Cypress,28,35,css_selector,17,"{""assertion_retry_wait"": 15, ""fixed_delay"": 2}",101,"{""domain_helper"": 37, ""hook_setup_flow"": 9, ""cypress_custom_command"": 55}",framework_extension_centric,dominant_source:cypress_command_ui,framework_extension_centric,deterministic,"[{""source"": ""cypress_command_ui"", ""count"": 30}, {""source"": ""helper_calls"", ""count"": 8}, {""source"": ""test_body_ui"", ""count"": 3}, {""source"": ""hook_ui"", ""count"": 2}]","[{""count"": 30, ""share"": 0.857143, ""source"": ""cypress_command_ui""}, {""count"": 3, ""share"": 0.085714, ""source"": ""test_body_ui""}]",correct,n/a,Workflow archetype agrees with dominant-source/evidence summary.,,false,,,
UI5/webcomponents,6507c899fb50bf78872a2178fc45994b,Cypress,17,18,custom_locator_helper,6,"{""assertion_retry_wait"": 6}",21,"{""unresolved_helper"": 3, ""cypress_custom_command"": 18}",framework_extension_centric,dominant_source:cypress_command_ui,framework_extension_centric,deterministic,"[{""source"": ""test_body_ui"", ""count"": 9}, {""source"": ""cypress_command_ui"", ""count"": 9}, {""source"": ""unresolved_helper_calls"", ""count"": 3}]","[{""count"": 9, ""share"": 0.5, ""source"": ""cypress_command_ui""}, {""count"": 9, ""share"": 0.5, ""source"": ""test_body_ui""}]",correct,n/a,Workflow archetype agrees with dominant-source/evidence summary.,,false,,,
cypress-io/cypress-realworld-app,62ca8aaa2fdb558d7d313df78bde6faf,Cypress,8,17,custom_locator_helper,9,"{""network_wait"": 3, ""assertion_retry_wait"": 6}",15,"{""cypress_custom_command"": 14, ""domain_helper"": 1}",framework_extension_centric,dominant_source:cypress_command_ui,framework_extension_centric,deterministic,"[{""source"": ""test_body_ui"", ""count"": 7}, {""source"": ""cypress_command_ui"", ""count"": 7}, {""source"": ""hook_ui"", ""count"": 3}]","[{""count"": 7, ""share"": 0.411765, ""source"": ""cypress_command_ui""}, {""count"": 7, ""share"": 0.411765, ""source"": ""test_body_ui""}]",correct,n/a,Workflow archetype agrees with dominant-source/evidence summary.,,false,,,
UI5/webcomponents,ad365c8000c0a176e97039fb79f220e1,Cypress,6,8,custom_locator_helper,1,"{""assertion_retry_wait"": 1}",6,"{""cypress_custom_command"": 6}",framework_extension_centric,dominant_source:cypress_command_ui,framework_extension_centric,deterministic,"[{""source"": ""test_body_ui"", ""count"": 4}, {""source"": ""cypress_command_ui"", ""count"": 4}]","[{""count"": 4, ""share"": 0.5, ""source"": ""cypress_command_ui""}, {""count"": 4, ""share"": 0.5, ""source"": ""test_body_ui""}]",correct,n/a,Workflow archetype agrees with dominant-source/evidence summary.,,false,,,
UI5/webcomponents,d16c13407237e42153d1d79c45f2fe43,Cypress,6,7,custom_locator_helper,3,"{""assertion_retry_wait"": 3}",10,"{""domain_helper"": 3, ""cypress_custom_command"": 7}",framework_extension_centric,dominant_source:cypress_command_ui,framework_extension_centric,deterministic,"[{""source"": ""cypress_command_ui"", ""count"": 5}, {""source"": ""test_body_ui"", ""count"": 2}]","[{""count"": 5, ""share"": 0.714286, ""source"": ""cypress_command_ui""}, {""count"": 2, ""share"": 0.285714, ""source"": ""test_body_ui""}]",correct,n/a,Workflow archetype agrees with dominant-source/evidence summary.,,false,,,
ionic-team/ionic-framework,87a4c1ee947be1f3eee6832c0386e4b8,Cypress,10,11,custom_locator_helper,10,"{""fixed_delay"": 3, ""assertion_retry_wait"": 7}",11,"{""cypress_custom_command"": 10, ""domain_helper"": 1}",framework_extension_centric,dominant_source:hook_ui,framework_extension_centric,deterministic_llm_guard,"[{""source"": ""cypress_command_ui"", ""count"": 6}, {""source"": ""hook_ui"", ""count"": 5}]","[{""count"": 6, ""share"": 0.545455, ""source"": ""cypress_command_ui""}, {""count"": 5, ""share"": 0.454545, ""source"": ""hook_ui""}]",correct,n/a,Workflow archetype agrees with dominant-source/evidence summary.,,false,,,
nhn/tui.grid,c26e1a31c76e310f95c86a640334e7fc,Cypress,3,4,css_selector,1,"{""assertion_retry_wait"": 1}",6,"{""domain_helper"": 2, ""page_object"": 1, ""cypress_custom_command"": 3}",helper_mediated,dominant_source:hook_ui,helper_mediated,deterministic_llm_guard,"[{""source"": ""helper_ui"", ""count"": 3}, {""source"": ""helper_calls"", ""count"": 2}, {""source"": ""hook_ui"", ""count"": 1}]","[{""count"": 3, ""share"": 0.75, ""source"": ""helper_ui""}, {""count"": 1, ""share"": 0.25, ""source"": ""hook_ui""}]",correct,n/a,Workflow archetype agrees with dominant-source/evidence summary.,,false,,,
mermaid-js/mermaid,fb99823350221d59f80d981ba26531e9,Cypress,0,0,,0,{},1,"{""domain_helper"": 1}",helper_mediated,no_ui_workflow_evidence,helper_mediated,deterministic_llm_guard,"[{""source"": ""helper_calls"", ""count"": 1}]",[],correct,n/a,Workflow archetype agrees with dominant-source/evidence summary.,,false,,,
porsche-design-system/porsche-design-system,c68b95e30e7be2d0b28068fe6a92cf92,Playwright,0,0,,0,{},1,"{""domain_helper"": 1}",helper_mediated,no_ui_workflow_evidence,helper_mediated,deterministic_llm_guard,"[{""source"": ""helper_calls"", ""count"": 1}]",[],correct,n/a,Workflow archetype agrees with dominant-source/evidence summary.,,false,,,
nhn/tui.grid,84e562680a04f0529be8499e2e0ab296,Cypress,4,5,css_selector,3,"{""assertion_retry_wait"": 2, ""fixed_delay"": 1}",9,"{""domain_helper"": 4, ""page_object"": 1, ""cypress_custom_command"": 4}",helper_mediated,dominant_source:hook_ui,helper_mediated,deterministic_llm_guard,"[{""source"": ""helper_ui"", ""count"": 3}, {""source"": ""helper_calls"", ""count"": 2}, {""source"": ""hook_ui"", ""count"": 1}, {""source"": ""cypress_command_ui"", ""count"": 1}]","[{""count"": 3, ""share"": 0.6, ""source"": ""helper_ui""}, {""count"": 1, ""share"": 0.2, ""source"": ""hook_ui""}]",correct,n/a,Workflow archetype agrees with dominant-source/evidence summary.,,false,,,
porsche-design-system/porsche-design-system,141d9c38c0293d3b30944345aaab6273,Playwright,0,1,,0,{},2,"{""domain_helper"": 2}",helper_mediated,dominant_source:helper_ui,helper_mediated,deterministic,"[{""source"": ""helper_ui"", ""count"": 1}, {""source"": ""helper_calls"", ""count"": 1}]","[{""count"": 1, ""share"": 1.0, ""source"": ""helper_ui""}]",correct,n/a,Workflow archetype agrees with dominant-source/evidence summary.,,false,,,
documenso/documenso,91981d834e12e158de48d2de83c3d39e,Playwright,0,0,,0,{},1,"{""domain_helper"": 1}",helper_mediated,no_ui_workflow_evidence,helper_mediated,deterministic_llm_guard,"[{""source"": ""helper_calls"", ""count"": 1}]",[],correct,n/a,Workflow archetype agrees with dominant-source/evidence summary.,,false,,,
surveyjs/survey-library,3e9d585bba39fc546fe8228f417b734c,Playwright,1,8,framework_selector_object,2,"{""assertion_retry_wait"": 1, ""predicate_or_custom_condition"": 1}",5,"{""domain_helper"": 5}",helper_mediated,dominant_source:helper_ui,helper_mediated,deterministic,"[{""source"": ""test_body_ui"", ""count"": 4}, {""source"": ""helper_ui"", ""count"": 4}, {""source"": ""helper_calls"", ""count"": 1}]","[{""count"": 4, ""share"": 0.5, ""source"": ""helper_ui""}, {""count"": 4, ""share"": 0.5, ""source"": ""test_body_ui""}]",correct,n/a,Workflow archetype agrees with dominant-source/evidence summary.,,false,,,
surveyjs/survey-library,e2164cb538bfd16711d03a9fcd09b6a0,Playwright,1,5,custom_locator_helper,4,"{""predicate_or_custom_condition"": 1, ""assertion_retry_wait"": 3}",8,"{""domain_helper"": 8}",helper_mediated,dominant_source:helper_ui,helper_mediated,deterministic,"[{""source"": ""helper_ui"", ""count"": 5}, {""source"": ""helper_calls"", ""count"": 3}]","[{""count"": 5, ""share"": 1.0, ""source"": ""helper_ui""}]",correct,n/a,Workflow archetype agrees with dominant-source/evidence summary.,,false,,,
surveyjs/survey-library,24e1ac5cbc898a4df6cb2c88942ca7ba,Playwright,1,8,framework_selector_object,3,"{""assertion_retry_wait"": 2, ""predicate_or_custom_condition"": 1}",5,"{""domain_helper"": 5}",helper_mediated,dominant_source:helper_ui,helper_mediated,deterministic,"[{""source"": ""test_body_ui"", ""count"": 4}, {""source"": ""helper_ui"", ""count"": 4}, {""source"": ""helper_calls"", ""count"": 1}]","[{""count"": 4, ""share"": 0.5, ""source"": ""helper_ui""}, {""count"": 4, ""share"": 0.5, ""source"": ""test_body_ui""}]",correct,n/a,Workflow archetype agrees with dominant-source/evidence summary.,,false,,,
uber/baseweb,11295034b6a9345fd1bbb4be5ea35ac6,Playwright,0,2,,1,"{""element_state_wait"": 1}",2,"{""domain_helper"": 2}",helper_mediated,dominant_source:helper_ui,helper_mediated,deterministic,"[{""source"": ""helper_ui"", ""count"": 2}]","[{""count"": 2, ""share"": 1.0, ""source"": ""helper_ui""}]",correct,n/a,Workflow archetype agrees with dominant-source/evidence summary.,,false,,,
CopilotKit/CopilotKit,b854725b7452298bcaa53f35684dc617,Playwright,1,2,text_content,1,"{""assertion_retry_wait"": 1}",0,{},hook_or_fixture_centric,dominant_source:hook_ui,hook_or_fixture_centric,deterministic,"[{""source"": ""test_body_ui"", ""count"": 1}, {""source"": ""hook_ui"", ""count"": 1}]","[{""count"": 1, ""share"": 0.5, ""source"": ""hook_ui""}, {""count"": 1, ""share"": 0.5, ""source"": ""test_body_ui""}]",correct,n/a,Workflow archetype agrees with dominant-source/evidence summary.,,false,,,
cloudtogo/pageplug,ec45b622ed29998c26cb104f56852a06,Cypress,45,52,custom_locator_helper,39,"{""fixed_delay"": 20, ""network_wait"": 4, ""assertion_retry_wait"": 15}",71,"{""cypress_custom_command"": 66, ""domain_helper"": 5}",hook_or_fixture_centric,dominant_source:hook_ui,hook_or_fixture_centric,deterministic,"[{""source"": ""hook_ui"", ""count"": 39}, {""source"": ""cypress_command_ui"", ""count"": 13}, {""source"": ""helper_calls"", ""count"": 1}]","[{""count"": 39, ""share"": 0.75, ""source"": ""hook_ui""}, {""count"": 13, ""share"": 0.25, ""source"": ""cypress_command_ui""}]",correct,n/a,Workflow archetype agrees with dominant-source/evidence summary.,,false,,,
cloudtogo/pageplug,29660a9643dd926d5a6213f53c6a86ec,Cypress,39,46,css_selector,36,"{""fixed_delay"": 13, ""assertion_retry_wait"": 17, ""network_wait"": 6}",57,"{""domain_helper"": 4, ""cypress_custom_command"": 53}",hook_or_fixture_centric,dominant_source:hook_ui,hook_or_fixture_centric,deterministic,"[{""source"": ""hook_ui"", ""count"": 39}, {""source"": ""cypress_command_ui"", ""count"": 7}, {""source"": ""helper_calls"", ""count"": 2}]","[{""count"": 39, ""share"": 0.847826, ""source"": ""hook_ui""}, {""count"": 7, ""share"": 0.152174, ""source"": ""cypress_command_ui""}]",correct,n/a,Workflow archetype agrees with dominant-source/evidence summary.,,false,,,
taiga-family/maskito,861e3eeaf28fcb4e72dc40388a9d150e,Cypress,3,4,css_selector,4,"{""assertion_retry_wait"": 4}",2,"{""cypress_custom_command"": 2}",hook_or_fixture_centric,dominant_source:hook_ui,hook_or_fixture_centric,deterministic,"[{""source"": ""test_body_ui"", ""count"": 2}, {""source"": ""hook_ui"", ""count"": 2}]","[{""count"": 2, ""share"": 0.5, ""source"": ""hook_ui""}, {""count"": 2, ""share"": 0.5, ""source"": ""test_body_ui""}]",correct,n/a,Workflow archetype agrees with dominant-source/evidence summary.,,false,,,
SonicJs-Org/sonicjs,17eea3999fa1bbe6015d58fda401c038,Playwright,6,16,framework_selector_object,19,"{""navigation_or_load_wait"": 9, ""assertion_retry_wait"": 9, ""fixed_delay"": 1}",10,"{""domain_helper"": 10}",hook_or_fixture_centric,dominant_source:hook_ui,hook_or_fixture_centric,deterministic,"[{""source"": ""hook_ui"", ""count"": 10}, {""source"": ""test_body_ui"", ""count"": 6}, {""source"": ""helper_calls"", ""count"": 1}]","[{""count"": 10, ""share"": 0.625, ""source"": ""hook_ui""}, {""count"": 6, ""share"": 0.375, ""source"": ""test_body_ui""}]",correct,n/a,Workflow archetype agrees with dominant-source/evidence summary.,,false,,,
midas-research/audino,b0c282d7e0534b2d2fc793d7ab584130,Cypress,21,21,text_content,9,"{""assertion_retry_wait"": 9}",19,"{""cypress_custom_command"": 19}",hook_or_fixture_centric,dominant_source:hook_ui,hook_or_fixture_centric,deterministic,"[{""source"": ""hook_ui"", ""count"": 18}, {""source"": ""test_body_ui"", ""count"": 3}]","[{""count"": 18, ""share"": 0.857143, ""source"": ""hook_ui""}, {""count"": 3, ""share"": 0.142857, ""source"": ""test_body_ui""}]",correct,n/a,Workflow archetype agrees with dominant-source/evidence summary.,,false,,,
appsmithorg/appsmith,ce4da0757d49786ca28077e0678683a3,Cypress,43,50,css_selector,34,"{""fixed_delay"": 14, ""assertion_retry_wait"": 16, ""network_wait"": 4}",62,"{""unresolved_helper"": 1, ""cypress_custom_command"": 56, ""domain_helper"": 5}",hook_or_fixture_centric,dominant_source:hook_ui,hook_or_fixture_centric,deterministic,"[{""source"": ""hook_ui"", ""count"": 39}, {""source"": ""cypress_command_ui"", ""count"": 7}, {""source"": ""test_body_ui"", ""count"": 4}, {""source"": ""helper_calls"", ""count"": 3}, {""source"": ""unresolved_helper_calls"", ""count"": 1}]","[{""count"": 39, ""share"": 0.78, ""source"": ""hook_ui""}, {""count"": 7, ""share"": 0.14, ""source"": ""cypress_command_ui""}]",correct,n/a,Workflow archetype agrees with dominant-source/evidence summary.,,false,,,
midas-research/audino,6202f06f11d9e3e1c2b72d919feaaa6e,Cypress,170,171,css_selector,35,"{""assertion_retry_wait"": 35}",193,"{""cypress_custom_command"": 193}",hook_or_fixture_centric,dominant_source:hook_ui,hook_or_fixture_centric,deterministic,"[{""source"": ""hook_ui"", ""count"": 169}, {""source"": ""test_body_ui"", ""count"": 2}]","[{""count"": 169, ""share"": 0.988304, ""source"": ""hook_ui""}, {""count"": 2, ""share"": 0.011696, ""source"": ""test_body_ui""}]",correct,n/a,Workflow archetype agrees with dominant-source/evidence summary.,,false,,,
midas-research/audino,0f5206d6f685ad275b5123ef20f5bda5,Cypress,75,76,css_selector,21,"{""assertion_retry_wait"": 21}",77,"{""unresolved_helper"": 3, ""cypress_custom_command"": 74}",hook_or_fixture_centric,dominant_source:hook_ui,hook_or_fixture_centric,deterministic,"[{""source"": ""hook_ui"", ""count"": 59}, {""source"": ""test_body_ui"", ""count"": 17}, {""source"": ""unresolved_helper_calls"", ""count"": 3}]","[{""count"": 59, ""share"": 0.776316, ""source"": ""hook_ui""}, {""count"": 17, ""share"": 0.223684, ""source"": ""test_body_ui""}]",correct,n/a,Workflow archetype agrees with dominant-source/evidence summary.,,false,,,
apache/superset,ffdcb532dd921ef02f2189eb35fc432f,Cypress,1,3,css_selector,1,"{""assertion_retry_wait"": 1}",6,"{""domain_helper"": 2, ""cypress_custom_command"": 4}",hook_or_fixture_centric,dominant_source:hook_ui,hook_or_fixture_centric,deterministic,"[{""source"": ""hook_ui"", ""count"": 2}, {""source"": ""helper_calls"", ""count"": 2}, {""source"": ""test_body_ui"", ""count"": 1}]","[{""count"": 2, ""share"": 0.666667, ""source"": ""hook_ui""}, {""count"": 1, ""share"": 0.333333, ""source"": ""test_body_ui""}]",correct,n/a,Workflow archetype agrees with dominant-source/evidence summary.,,false,,,
pretzelai/pretzelai,f34eb58c07b9848271ae4df358efbe03,Playwright,0,1,,0,{},0,{},inline_direct,dominant_source:test_body_ui,inline_direct,deterministic,"[{""source"": ""test_body_ui"", ""count"": 1}]","[{""count"": 1, ""share"": 1.0, ""source"": ""test_body_ui""}]",correct,n/a,Workflow archetype agrees with dominant-source/evidence summary.,,false,,,
carbon-design-system/carbon-components-svelte,447ab55a84de61847682e8bbe0ac15fd,Playwright,3,5,test_id_or_data_contract,2,"{""assertion_retry_wait"": 2}",0,{},inline_direct,dominant_source:test_body_ui,inline_direct,deterministic,"[{""source"": ""test_body_ui"", ""count"": 4}, {""source"": ""hook_ui"", ""count"": 1}]","[{""count"": 4, ""share"": 0.8, ""source"": ""test_body_ui""}, {""count"": 1, ""share"": 0.2, ""source"": ""hook_ui""}]",correct,n/a,Workflow archetype agrees with dominant-source/evidence summary.,,false,,,
porsche-design-system/porsche-design-system,87faeee064d1fb213b7198077bab12b6,Playwright,1,7,text_content,0,{},2,"{""domain_helper"": 2}",inline_direct,dominant_source:test_body_ui,inline_direct,deterministic,"[{""source"": ""test_body_ui"", ""count"": 6}, {""source"": ""helper_ui"", ""count"": 1}, {""source"": ""helper_calls"", ""count"": 1}]","[{""count"": 6, ""share"": 0.857143, ""source"": ""test_body_ui""}, {""count"": 1, ""share"": 0.142857, ""source"": ""helper_ui""}]",correct,n/a,Workflow archetype agrees with dominant-source/evidence summary.,,false,,,
openobserve/openobserve,65d7e8fd0c863dc513e43ce15b36e401,Playwright,4,5,test_id_or_data_contract,10,"{""element_state_wait"": 4, ""fixed_delay"": 3, ""assertion_retry_wait"": 1, ""navigation_or_load_wait"": 1, ""network_wait"": 1}",3,"{""domain_helper"": 3}",inline_direct,dominant_source:test_body_ui,inline_direct,deterministic,"[{""source"": ""test_body_ui"", ""count"": 4}, {""source"": ""helper_calls"", ""count"": 3}, {""source"": ""hook_ui"", ""count"": 1}]","[{""count"": 4, ""share"": 0.8, ""source"": ""test_body_ui""}, {""count"": 1, ""share"": 0.2, ""source"": ""hook_ui""}]",correct,n/a,Workflow archetype agrees with dominant-source/evidence summary.,,false,,,
scalar/scalar,637ba3dfb6b1e388cdc6094d1fb570a7,Playwright,2,3,role_or_accessibility,1,"{""assertion_retry_wait"": 1}",0,{},inline_direct,dominant_source:test_body_ui,inline_direct,deterministic,"[{""source"": ""test_body_ui"", ""count"": 3}]","[{""count"": 3, ""share"": 1.0, ""source"": ""test_body_ui""}]",correct,n/a,Workflow archetype agrees with dominant-source/evidence summary.,,false,,,
jupyter/nbdime,9324c1162beeda5e825f1d8104b7a26f,Playwright,11,12,css_selector,1,"{""assertion_retry_wait"": 1}",0,{},inline_direct,dominant_source:test_body_ui,inline_direct,deterministic,"[{""source"": ""test_body_ui"", ""count"": 12}]","[{""count"": 12, ""share"": 1.0, ""source"": ""test_body_ui""}]",correct,n/a,Workflow archetype agrees with dominant-source/evidence summary.,,false,,,
porsche-design-system/porsche-design-system,0606f5bf008616dac3a9ee1089c1fc50,Playwright,0,3,,0,{},6,"{""domain_helper"": 6}",inline_direct,dominant_source:test_body_ui,inline_direct,deterministic,"[{""source"": ""helper_calls"", ""count"": 5}, {""source"": ""test_body_ui"", ""count"": 2}, {""source"": ""helper_ui"", ""count"": 1}]","[{""count"": 2, ""share"": 0.666667, ""source"": ""test_body_ui""}, {""count"": 1, ""share"": 0.333333, ""source"": ""helper_ui""}]",correct,n/a,Workflow archetype agrees with dominant-source/evidence summary.,,false,,,
TanStack/virtual,6ea4088d8c9e87a04264f56492fe89c7,Playwright,1,4,framework_selector_object,2,"{""fixed_delay"": 1, ""assertion_retry_wait"": 1}",0,{},inline_direct,dominant_source:test_body_ui,inline_direct,deterministic,"[{""source"": ""test_body_ui"", ""count"": 4}]","[{""count"": 4, ""share"": 1.0, ""source"": ""test_body_ui""}]",correct,n/a,Workflow archetype agrees with dominant-source/evidence summary.,,false,,,
PasteBar/PasteBarApp,04056427c5708de1013aabc0bbf66769,Cypress,0,3,,1,"{""fixed_delay"": 1}",3,"{""unresolved_helper"": 1, ""cypress_custom_command"": 2}",inline_direct,dominant_source:test_body_ui,inline_direct,deterministic,"[{""source"": ""test_body_ui"", ""count"": 3}, {""source"": ""unresolved_helper_calls"", ""count"": 1}]","[{""count"": 3, ""share"": 1.0, ""source"": ""test_body_ui""}, {""count"": 1, ""share"": 0.333333, ""source"": ""unresolved_helper_calls""}]",correct,n/a,Workflow archetype agrees with dominant-source/evidence summary.,,false,,,
apache/apisix-dashboard,458692fd0badfcadab54d2c43de255a4,Playwright,30,37,role_or_accessibility,16,"{""assertion_retry_wait"": 16}",6,"{""playwright_test_step"": 6}",inline_direct,dominant_source:test_body_ui,inline_direct,deterministic,"[{""source"": ""test_body_ui"", ""count"": 37}, {""source"": ""playwright_test_steps"", ""count"": 6}]","[{""count"": 37, ""share"": 1.0, ""source"": ""test_body_ui""}, {""count"": 6, ""share"": 0.162162, ""source"": ""structured_step""}]",correct,n/a,Workflow archetype agrees with dominant-source/evidence summary.,,false,,,
plasmicapp/plasmic,6836a35ca43a2023633ef9a87398bb0f,Cypress,4,13,text_content,12,"{""assertion_retry_wait"": 10, ""fixed_delay"": 2}",145,"{""unresolved_helper"": 17, ""cypress_custom_command"": 122, ""domain_helper"": 6}",layered,unresolved_dominates_expanded_evidence,layered,llm_semantic_correction,"[{""source"": ""unresolved_helper_calls"", ""count"": 17}, {""source"": ""test_body_ui"", ""count"": 9}, {""source"": ""helper_calls"", ""count"": 5}, {""source"": ""helper_ui"", ""count"": 4}]","[{""count"": 17, ""share"": 1.307692, ""source"": ""unresolved_helper_calls""}, {""count"": 9, ""share"": 0.692308, ""source"": ""test_body_ui""}]",correct,n/a,Workflow archetype agrees with dominant-source/evidence summary.,,false,,,
porsche-design-system/porsche-design-system,f744bd2b5267b42e9a12463f21208e82,Playwright,0,0,,0,{},0,{},mixed_or_unclear,no_ui_workflow_evidence,mixed_or_unclear,llm_semantic_correction,[],[],correct,n/a,Workflow archetype agrees with dominant-source/evidence summary.,,false,,,
primer/react,27ea0af613ec2d4b32bfd4198c897fe2,Playwright,0,0,,1,"{""assertion_retry_wait"": 1}",0,{},mixed_or_unclear,no_ui_workflow_evidence,mixed_or_unclear,llm_semantic_correction,[],[],correct,n/a,Workflow archetype agrees with dominant-source/evidence summary.,,false,,,
eigenpal/docx-editor,be44a925e1b05a606c1742b4e8a4f490,Playwright,0,0,,0,{},0,{},mixed_or_unclear,no_ui_workflow_evidence,mixed_or_unclear,llm_semantic_correction,[],[],correct,n/a,Workflow archetype agrees with dominant-source/evidence summary.,,false,,,
chakra-ui/zag,35b04f0e60d3fa7d90ac3102ecaeb407,Playwright,0,0,,0,{},0,{},mixed_or_unclear,no_ui_workflow_evidence,mixed_or_unclear,llm_semantic_correction,[],[],correct,n/a,Workflow archetype agrees with dominant-source/evidence summary.,,false,,,
ionic-team/ionic-framework,d09762d56804dd43865a8ed5bcb294c5,Playwright,0,0,,1,"{""assertion_retry_wait"": 1}",0,{},mixed_or_unclear,no_ui_workflow_evidence,mixed_or_unclear,deterministic,[],[],correct,n/a,Workflow archetype agrees with dominant-source/evidence summary.,,false,,,
qwikifiers/qwik-ui,5a49292b537317b27ebb5c03898e1f12,Playwright,0,0,,1,"{""assertion_retry_wait"": 1}",0,{},mixed_or_unclear,no_ui_workflow_evidence,mixed_or_unclear,llm_semantic_correction,[],[],correct,n/a,Workflow archetype agrees with dominant-source/evidence summary.,,false,,,
chakra-ui/zag,0a01d439b8aac61f103d9822c2b85e5a,Playwright,0,0,,0,{},0,{},mixed_or_unclear,no_ui_workflow_evidence,mixed_or_unclear,llm_semantic_correction,[],[],correct,n/a,Workflow archetype agrees with dominant-source/evidence summary.,,false,,,
apitable/apitable,7b16ae8e98c8993a7f7f8743da285477,Cypress,0,0,,0,{},0,{},mixed_or_unclear,no_ui_workflow_evidence,mixed_or_unclear,llm_semantic_correction,[],[],correct,n/a,Workflow archetype agrees with dominant-source/evidence summary.,,false,,,
chakra-ui/zag,91f6a61424401be05190a803cd52dcfa,Playwright,0,0,,0,{},0,{},mixed_or_unclear,no_ui_workflow_evidence,mixed_or_unclear,llm_semantic_correction,[],[],correct,n/a,Workflow archetype agrees with dominant-source/evidence summary.,,false,,,
microsoft/fast,b9a2ad792b42a149d265edb887aaa37d,Playwright,0,0,,0,{},0,{},mixed_or_unclear,no_ui_workflow_evidence,mixed_or_unclear,llm_semantic_correction,[],[],correct,n/a,Workflow archetype agrees with dominant-source/evidence summary.,,false,,,
activist-org/activist,7bb6eb9cfcd56cadd97261b3aadb73f4,Playwright,2,4,page_object_mediated,3,"{""assertion_retry_wait"": 3}",3,"{""domain_helper"": 2, ""page_object"": 1}",page_object_centric,dominant_source:page_object_ui,page_object_centric,deterministic,"[{""source"": ""test_body_ui"", ""count"": 4}, {""source"": ""page_object_ui"", ""count"": 4}, {""source"": ""helper_calls"", ""count"": 3}]","[{""count"": 4, ""share"": 0.5, ""source"": ""page_object_ui""}, {""count"": 4, ""share"": 0.5, ""source"": ""test_body_ui""}]",correct,n/a,Workflow archetype agrees with dominant-source/evidence summary.,,false,,,
eigenpal/docx-editor,cf8bb2e18d192a8c37d8ccbf98e75675,Playwright,1,1,page_object_mediated,0,{},2,"{""domain_helper"": 1, ""page_object"": 1}",page_object_centric,dominant_source:page_object_ui,page_object_centric,deterministic,"[{""source"": ""helper_ui"", ""count"": 1}, {""source"": ""page_object_ui"", ""count"": 1}, {""source"": ""helper_calls"", ""count"": 1}]","[{""count"": 1, ""share"": 0.5, ""source"": ""page_object_ui""}, {""count"": 1, ""share"": 0.5, ""source"": ""helper_ui""}]",correct,n/a,Workflow archetype agrees with dominant-source/evidence summary.,,false,,,
eigenpal/docx-editor,7e2d57eebc28538197ad826647223887,Playwright,1,1,page_object_mediated,0,{},4,"{""domain_helper"": 3, ""page_object"": 1}",page_object_centric,dominant_source:page_object_ui,page_object_centric,deterministic,"[{""source"": ""helper_calls"", ""count"": 3}, {""source"": ""helper_ui"", ""count"": 1}, {""source"": ""page_object_ui"", ""count"": 1}]","[{""count"": 1, ""share"": 0.5, ""source"": ""page_object_ui""}, {""count"": 1, ""share"": 0.5, ""source"": ""helper_ui""}]",correct,n/a,Workflow archetype agrees with dominant-source/evidence summary.,,false,,,
eigenpal/docx-editor,e697ee34a5cf47aba35fc337d8525971,Playwright,1,1,page_object_mediated,0,{},3,"{""domain_helper"": 2, ""page_object"": 1}",page_object_centric,dominant_source:page_object_ui,page_object_centric,deterministic,"[{""source"": ""helper_calls"", ""count"": 2}, {""source"": ""helper_ui"", ""count"": 1}, {""source"": ""page_object_ui"", ""count"": 1}]","[{""count"": 1, ""share"": 0.5, ""source"": ""page_object_ui""}, {""count"": 1, ""share"": 0.5, ""source"": ""helper_ui""}]",correct,n/a,Workflow archetype agrees with dominant-source/evidence summary.,,false,,,
eigenpal/docx-editor,d6226513646340299f66a658365fd370,Playwright,2,3,page_object_mediated,0,{},4,"{""domain_helper"": 2, ""page_object"": 2}",page_object_centric,layered_top:page_object_ui;second_share:0.4,page_object_centric,deterministic_llm_guard,"[{""source"": ""helper_ui"", ""count"": 2}, {""source"": ""page_object_ui"", ""count"": 2}, {""source"": ""helper_calls"", ""count"": 2}, {""source"": ""test_body_ui"", ""count"": 1}]","[{""count"": 2, ""share"": 0.4, ""source"": ""page_object_ui""}, {""count"": 2, ""share"": 0.4, ""source"": ""helper_ui""}]",correct,n/a,Workflow archetype agrees with dominant-source/evidence summary.,,false,,,
marmelab/react-admin,d3d500289e4c14c0fce009689805e53b,Cypress,23,23,css_selector,2,"{""assertion_retry_wait"": 1, ""fixed_delay"": 1}",31,"{""page_object"": 15, ""cypress_custom_command"": 16}",page_object_centric,layered_top:page_object_ui;second_share:0.465116,page_object_centric,deterministic_llm_guard,"[{""source"": ""helper_ui"", ""count"": 20}, {""source"": ""page_object_ui"", ""count"": 20}, {""source"": ""helper_calls"", ""count"": 11}, {""source"": ""test_body_ui"", ""count"": 3}]","[{""count"": 20, ""share"": 0.465116, ""source"": ""page_object_ui""}, {""count"": 20, ""share"": 0.465116, ""source"": ""helper_ui""}]",correct,n/a,Workflow archetype agrees with dominant-source/evidence summary.,,false,,,
marmelab/react-admin,0255aca9e6181dfbb5aa853407cfc49c,Cypress,8,9,css_selector,3,"{""assertion_retry_wait"": 2, ""fixed_delay"": 1}",11,"{""page_object"": 5, ""cypress_custom_command"": 5, ""domain_helper"": 1}",page_object_centric,layered_top:page_object_ui;second_share:0.357143,page_object_centric,deterministic_llm_guard,"[{""source"": ""helper_ui"", ""count"": 5}, {""source"": ""page_object_ui"", ""count"": 5}, {""source"": ""helper_calls"", ""count"": 4}, {""source"": ""test_body_ui"", ""count"": 2}, {""source"": ""hook_ui"", ""count"": 2}]","[{""count"": 5, ""share"": 0.357143, ""source"": ""page_object_ui""}, {""count"": 5, ""share"": 0.357143, ""source"": ""helper_ui""}]",correct,n/a,Workflow archetype agrees with dominant-source/evidence summary.,,false,,,
eigenpal/docx-editor,c551af0704b4e749dfd58db1ed33a7b8,Playwright,1,1,page_object_mediated,0,{},2,"{""domain_helper"": 1, ""page_object"": 1}",page_object_centric,dominant_source:page_object_ui,page_object_centric,deterministic,"[{""source"": ""helper_ui"", ""count"": 1}, {""source"": ""page_object_ui"", ""count"": 1}, {""source"": ""helper_calls"", ""count"": 1}]","[{""count"": 1, ""share"": 0.5, ""source"": ""page_object_ui""}, {""count"": 1, ""share"": 0.5, ""source"": ""helper_ui""}]",correct,n/a,Workflow archetype agrees with dominant-source/evidence summary.,,false,,,
eigenpal/docx-editor,7d2f3fafcb88e97649a4603eaa7daf8e,Playwright,1,1,page_object_mediated,0,{},2,"{""domain_helper"": 1, ""page_object"": 1}",page_object_centric,dominant_source:page_object_ui,page_object_centric,deterministic,"[{""source"": ""helper_ui"", ""count"": 1}, {""source"": ""page_object_ui"", ""count"": 1}, {""source"": ""helper_calls"", ""count"": 1}]","[{""count"": 1, ""share"": 0.5, ""source"": ""page_object_ui""}, {""count"": 1, ""share"": 0.5, ""source"": ""helper_ui""}]",correct,n/a,Workflow archetype agrees with dominant-source/evidence summary.,,false,,,
eigenpal/docx-editor,bf7a485cf337136d18cb16dc31363f1c,Playwright,1,1,page_object_mediated,0,{},2,"{""domain_helper"": 1, ""page_object"": 1}",page_object_centric,dominant_source:page_object_ui,page_object_centric,deterministic,"[{""source"": ""helper_ui"", ""count"": 1}, {""source"": ""page_object_ui"", ""count"": 1}, {""source"": ""helper_calls"", ""count"": 1}]","[{""count"": 1, ""share"": 0.5, ""source"": ""page_object_ui""}, {""count"": 1, ""share"": 0.5, ""source"": ""helper_ui""}]",correct,n/a,Workflow archetype agrees with dominant-source/evidence summary.,,false,,,
microsoft/fluentui,5b493f24aba35f12468d44aedd831845,Playwright,0,0,,2,"{""assertion_retry_wait"": 2}",1,"{""playwright_test_step"": 1}",structured_step_centric,no_ui_workflow_evidence,structured_step_centric,deterministic_llm_guard,"[{""source"": ""playwright_test_steps"", ""count"": 1}]","[{""count"": 1, ""share"": 0.0, ""source"": ""structured_step""}]",correct,n/a,Workflow archetype agrees with dominant-source/evidence summary.,,false,,,
microsoft/fluentui,e3beefd74e60c32c2d93dd0213ad2aa4,Playwright,0,0,,4,"{""assertion_retry_wait"": 4}",1,"{""playwright_test_step"": 1}",structured_step_centric,no_ui_workflow_evidence,structured_step_centric,deterministic_llm_guard,"[{""source"": ""playwright_test_steps"", ""count"": 1}]","[{""count"": 1, ""share"": 0.0, ""source"": ""structured_step""}]",correct,n/a,Workflow archetype agrees with dominant-source/evidence summary.,,false,,,
KittyCAD/modeling-app,91ba608651a9180e7757450ff6813573,Playwright,0,0,,4,"{""assertion_retry_wait"": 4}",3,"{""playwright_test_step"": 3}",structured_step_centric,no_ui_workflow_evidence,structured_step_centric,deterministic_llm_guard,"[{""source"": ""playwright_test_steps"", ""count"": 3}]","[{""count"": 3, ""share"": 0.0, ""source"": ""structured_step""}]",correct,n/a,Workflow archetype agrees with dominant-source/evidence summary.,,false,,,
microsoft/fluentui,94095805772df1a122136bf1b1c41a9c,Playwright,0,0,,2,"{""assertion_retry_wait"": 2}",1,"{""playwright_test_step"": 1}",structured_step_centric,no_ui_workflow_evidence,structured_step_centric,deterministic_llm_guard,"[{""source"": ""playwright_test_steps"", ""count"": 1}]","[{""count"": 1, ""share"": 0.0, ""source"": ""structured_step""}]",correct,n/a,Workflow archetype agrees with dominant-source/evidence summary.,,false,,,
elizaOS/eliza,3551fc83e906ff9663f33c5259929c59,Playwright,0,0,,0,{},3,"{""playwright_test_step"": 1, ""domain_helper"": 2}",structured_step_centric,no_ui_workflow_evidence,structured_step_centric,deterministic_llm_guard,"[{""source"": ""helper_calls"", ""count"": 2}, {""source"": ""playwright_test_steps"", ""count"": 1}]","[{""count"": 1, ""share"": 0.0, ""source"": ""structured_step""}]",correct,n/a,Workflow archetype agrees with dominant-source/evidence summary.,,false,,,
KittyCAD/modeling-app,7d86067818140b8a424f4acd62e189a5,Playwright,1,4,css_selector,3,"{""assertion_retry_wait"": 2, ""fixed_delay"": 1}",5,"{""playwright_test_step"": 5}",structured_step_centric,dominant_source:structured_step,structured_step_centric,deterministic,"[{""source"": ""playwright_test_steps"", ""count"": 5}, {""source"": ""test_body_ui"", ""count"": 4}]","[{""count"": 5, ""share"": 1.25, ""source"": ""structured_step""}, {""count"": 4, ""share"": 1.0, ""source"": ""test_body_ui""}]",correct,n/a,Workflow archetype agrees with dominant-source/evidence summary.,,false,,,
redpanda-data/console,374c0cfbd8965687d18cb83def69527d,Playwright,0,0,,0,{},5,"{""playwright_test_step"": 5}",structured_step_centric,no_ui_workflow_evidence,structured_step_centric,deterministic_llm_guard,"[{""source"": ""playwright_test_steps"", ""count"": 5}]","[{""count"": 5, ""share"": 0.0, ""source"": ""structured_step""}]",correct,n/a,Workflow archetype agrees with dominant-source/evidence summary.,,false,,,
KittyCAD/modeling-app,5b6f7cff4bfa15cb6e50b243c70754a6,Playwright,0,2,,1,"{""fixed_delay"": 1}",3,"{""playwright_test_step"": 3}",structured_step_centric,dominant_source:structured_step,structured_step_centric,deterministic,"[{""source"": ""playwright_test_steps"", ""count"": 3}, {""source"": ""test_body_ui"", ""count"": 2}]","[{""count"": 3, ""share"": 1.5, ""source"": ""structured_step""}, {""count"": 2, ""share"": 1.0, ""source"": ""test_body_ui""}]",correct,n/a,Workflow archetype agrees with dominant-source/evidence summary.,,false,,,
ohcnetwork/care_fe,e8384d038b045b7558afa690bd5a1323,Playwright,1,2,text_content,1,"{""assertion_retry_wait"": 1}",4,"{""playwright_test_step"": 4}",structured_step_centric,dominant_source:hook_ui,structured_step_centric,deterministic_llm_guard,"[{""source"": ""playwright_test_steps"", ""count"": 4}, {""source"": ""hook_ui"", ""count"": 2}]","[{""count"": 4, ""share"": 2.0, ""source"": ""structured_step""}, {""count"": 2, ""share"": 1.0, ""source"": ""hook_ui""}]",correct,n/a,Workflow archetype agrees with dominant-source/evidence summary.,,false,,,
KittyCAD/modeling-app,aa8568a55965b6fd8a7f187662ff1a6b,Playwright,2,6,framework_selector_object,3,"{""assertion_retry_wait"": 3}",8,"{""playwright_test_step"": 8}",structured_step_centric,dominant_source:structured_step,structured_step_centric,deterministic,"[{""source"": ""playwright_test_steps"", ""count"": 8}, {""source"": ""test_body_ui"", ""count"": 6}]","[{""count"": 8, ""share"": 1.333333, ""source"": ""structured_step""}, {""count"": 6, ""share"": 1.0, ""source"": ""test_body_ui""}]",correct,n/a,Workflow archetype agrees with dominant-source/evidence summary.,,false,,,
valor-software/ngx-bootstrap,4b36b59de4a4685a629f17843e4c46bd,Cypress,1,1,css_selector,0,{},4,"{""unresolved_helper"": 2, ""cypress_custom_command"": 2}",unresolved_thin_wrapper,unresolved_dominates_expanded_evidence,unresolved_thin_wrapper,llm_semantic_correction,"[{""source"": ""unresolved_helper_calls"", ""count"": 2}, {""source"": ""test_body_ui"", ""count"": 1}]","[{""count"": 2, ""share"": 2.0, ""source"": ""unresolved_helper_calls""}, {""count"": 1, ""share"": 1.0, ""source"": ""test_body_ui""}]",correct,n/a,Workflow archetype agrees with dominant-source/evidence summary.,,false,,,
neo4j/neo4j-browser,8fbc4eecb30b03cbf88f3714e217ac41,Cypress,1,1,test_id_or_data_contract,1,"{""assertion_retry_wait"": 1}",5,"{""unresolved_helper"": 2, ""cypress_custom_command"": 3}",unresolved_thin_wrapper,unresolved_dominates_expanded_evidence,unresolved_thin_wrapper,llm_semantic_correction,"[{""source"": ""unresolved_helper_calls"", ""count"": 2}, {""source"": ""test_body_ui"", ""count"": 1}]","[{""count"": 2, ""share"": 2.0, ""source"": ""unresolved_helper_calls""}, {""count"": 1, ""share"": 1.0, ""source"": ""test_body_ui""}]",correct,n/a,Workflow archetype agrees with dominant-source/evidence summary.,,false,,,
plasmicapp/plasmic,86e43399d1759821cee068b2ba5f988a,Cypress,0,1,,4,"{""assertion_retry_wait"": 1, ""fixed_delay"": 3}",126,"{""unresolved_helper"": 37, ""domain_helper"": 5, ""cypress_custom_command"": 84}",unresolved_thin_wrapper,unresolved_dominates_expanded_evidence,unresolved_thin_wrapper,llm_semantic_correction,"[{""source"": ""unresolved_helper_calls"", ""count"": 37}, {""source"": ""test_body_ui"", ""count"": 1}]","[{""count"": 37, ""share"": 37.0, ""source"": ""unresolved_helper_calls""}, {""count"": 1, ""share"": 1.0, ""source"": ""test_body_ui""}]",correct,n/a,Workflow archetype agrees with dominant-source/evidence summary.,,false,,,
opensearch-project/OpenSearch-Dashboards,c251a8c678f5746e3f12cda8f0fa1bb0,Cypress,6,6,custom_locator_helper,3,"{""assertion_retry_wait"": 2, ""fixed_delay"": 1}",28,"{""unresolved_helper"": 5, ""cypress_custom_command"": 14, ""domain_helper"": 9}",unresolved_thin_wrapper,unresolved_dominates_expanded_evidence,unresolved_thin_wrapper,llm_semantic_correction,"[{""source"": ""helper_calls"", ""count"": 5}, {""source"": ""unresolved_helper_calls"", ""count"": 5}, {""source"": ""hook_ui"", ""count"": 4}, {""source"": ""test_body_ui"", ""count"": 2}]","[{""count"": 5, ""share"": 0.833333, ""source"": ""unresolved_helper_calls""}, {""count"": 4, ""share"": 0.666667, ""source"": ""hook_ui""}]",correct,n/a,Workflow archetype agrees with dominant-source/evidence summary.,,false,,,
opensearch-project/OpenSearch-Dashboards,a1f8567a2596600b5ea7ae82e9190a49,Cypress,2,2,test_id_or_data_contract,2,"{""assertion_retry_wait"": 1, ""fixed_delay"": 1}",4,"{""unresolved_helper"": 2, ""cypress_custom_command"": 2}",unresolved_thin_wrapper,unresolved_dominates_expanded_evidence,unresolved_thin_wrapper,llm_semantic_correction,"[{""source"": ""unresolved_helper_calls"", ""count"": 2}, {""source"": ""test_body_ui"", ""count"": 1}, {""source"": ""hook_ui"", ""count"": 1}]","[{""count"": 2, ""share"": 1.0, ""source"": ""unresolved_helper_calls""}, {""count"": 1, ""share"": 0.5, ""source"": ""hook_ui""}]",correct,n/a,Workflow archetype agrees with dominant-source/evidence summary.,,false,,,
opensearch-project/OpenSearch-Dashboards,89b4aad231258d6f15a5012db78df265,Cypress,6,6,custom_locator_helper,5,"{""assertion_retry_wait"": 4, ""fixed_delay"": 1}",28,"{""unresolved_helper"": 6, ""cypress_custom_command"": 15, ""domain_helper"": 7}",unresolved_thin_wrapper,unresolved_dominates_expanded_evidence,unresolved_thin_wrapper,llm_semantic_correction,"[{""source"": ""unresolved_helper_calls"", ""count"": 6}, {""source"": ""hook_ui"", ""count"": 4}, {""source"": ""helper_calls"", ""count"": 3}, {""source"": ""test_body_ui"", ""count"": 2}]","[{""count"": 6, ""share"": 1.0, ""source"": ""unresolved_helper_calls""}, {""count"": 4, ""share"": 0.666667, ""source"": ""hook_ui""}]",correct,n/a,Workflow archetype agrees with dominant-source/evidence summary.,,false,,,
plasmicapp/plasmic,0d9aa0cc5a7596b6897b47411b8f63b5,Cypress,1,1,text_content,3,"{""fixed_delay"": 1, ""assertion_retry_wait"": 2}",9,"{""unresolved_helper"": 4, ""domain_helper"": 1, ""cypress_custom_command"": 4}",unresolved_thin_wrapper,unresolved_dominates_expanded_evidence,unresolved_thin_wrapper,llm_semantic_correction,"[{""source"": ""unresolved_helper_calls"", ""count"": 4}, {""source"": ""test_body_ui"", ""count"": 1}]","[{""count"": 4, ""share"": 4.0, ""source"": ""unresolved_helper_calls""}, {""count"": 1, ""share"": 1.0, ""source"": ""test_body_ui""}]",correct,n/a,Workflow archetype agrees with dominant-source/evidence summary.,,false,,,
neo4j/neo4j-browser,2196e0f50e76c83fd73fa3b38088a632,Cypress,0,1,,2,"{""assertion_retry_wait"": 1, ""fixed_delay"": 1}",6,"{""unresolved_helper"": 2, ""cypress_custom_command"": 3, ""domain_helper"": 1}",unresolved_thin_wrapper,unresolved_dominates_expanded_evidence,unresolved_thin_wrapper,llm_semantic_correction,"[{""source"": ""unresolved_helper_calls"", ""count"": 2}, {""source"": ""hook_ui"", ""count"": 1}, {""source"": ""helper_calls"", ""count"": 1}]","[{""count"": 2, ""share"": 2.0, ""source"": ""unresolved_helper_calls""}, {""count"": 1, ""share"": 1.0, ""source"": ""hook_ui""}]",correct,n/a,Workflow archetype agrees with dominant-source/evidence summary.,,false,,,
neo4j/neo4j-browser,31ed3457ad69e4cd6e178309c83c7803,Cypress,0,1,,2,"{""assertion_retry_wait"": 1, ""fixed_delay"": 1}",12,"{""unresolved_helper"": 2, ""cypress_custom_command"": 10}",unresolved_thin_wrapper,unresolved_dominates_expanded_evidence,unresolved_thin_wrapper,llm_semantic_correction,"[{""source"": ""unresolved_helper_calls"", ""count"": 2}, {""source"": ""hook_ui"", ""count"": 1}]","[{""count"": 2, ""share"": 2.0, ""source"": ""unresolved_helper_calls""}, {""count"": 1, ""share"": 1.0, ""source"": ""hook_ui""}]",correct,n/a,Workflow archetype agrees with dominant-source/evidence summary.,,false,,,
plasmicapp/plasmic,36ebd218b5e5645bc7710764615876df,Cypress,1,1,css_selector,1,"{""assertion_retry_wait"": 1}",7,"{""unresolved_helper"": 3, ""cypress_custom_command"": 3, ""domain_helper"": 1}",unresolved_thin_wrapper,unresolved_dominates_expanded_evidence,unresolved_thin_wrapper,llm_semantic_correction,"[{""source"": ""unresolved_helper_calls"", ""count"": 3}, {""source"": ""test_body_ui"", ""count"": 1}, {""source"": ""helper_calls"", ""count"": 1}]","[{""count"": 3, ""share"": 3.0, ""source"": ""unresolved_helper_calls""}, {""count"": 1, ""share"": 1.0, ""source"": ""test_body_ui""}]",correct,n/a,Workflow archetype agrees with dominant-source/evidence summary.,,false,,,
