repo,test_id,framework,line,name,raw_code,value_summary,input_source_class,input_source_inferred,input_plausibility,input_plausibility_paper_label,value_visibility,input_channel,field_context,input_target_role_ast,input_target_context_ast,input_value_expression_kind_ast,input_endpoint_construction_ast,review_reason,input_evidence_basis,input_origin_kind,input_origin_evidence,external_file_path,field_path,linked_definition_file,linked_definition_line,manual_plausibility_should_be,manual_notes
immich-app/immich,14d2639638c9cb35c6345d244e1bfa29,Playwright,196,input:press:ArrowLeft,page.keyboard.press('ArrowLeft'),ArrowLeft,literal_input,variable_input,technical_or_control_input,technical_or_configuration_or_control_input,visible,keyboard_entry,,keyboard_control_target,,string_literal,,ast_regex_mismatch:source_class,ast_value_argument,,,,,,,n/a,Reviewed review-queue row; use primary source_plausibility_audit_sample for correctness metrics.
VOICEVOX/voicevox,7cea666db68bc98a4e98621b9e0d24fe,Playwright,63,input:press:Enter,"page.keyboard.press(""Enter"")",Enter,literal_input,variable_input,technical_or_control_input,technical_or_configuration_or_control_input,visible,keyboard_entry,,keyboard_control_target,,string_literal,,ast_regex_mismatch:source_class,ast_value_argument,,,,,,,n/a,Reviewed review-queue row; use primary source_plausibility_audit_sample for correctness metrics.
UI5/webcomponents,6cc38efdc4bfa314ae426a656a17c728,Cypress,450,input:realPress:F2,"cy.realPress(""F2"")",F2,literal_input,variable_input,technical_or_control_input,technical_or_configuration_or_control_input,visible,keyboard_input,,keyboard_control_target,,string_literal,,ast_regex_mismatch:source_class,ast_value_argument,,,,,,,n/a,Reviewed review-queue row; use primary source_plausibility_audit_sample for correctness metrics.
UI5/webcomponents,08ee76abc59ba607ce723ccd19306745,Cypress,1252,"input:realPress:[""Control"", ""ArrowRight""]","cy.realPress([""Control"", ""ArrowRight""])","[""Control"", ""ArrowRight""]",literal_input,variable_input,technical_or_control_input,technical_or_configuration_or_control_input,visible,keyboard_input,,keyboard_control_target,,array_literal,,ast_regex_mismatch:source_class,ast_value_argument,,,,,,,n/a,Reviewed review-queue row; use primary source_plausibility_audit_sample for correctness metrics.
Adamant-im/adamant-im,4e0fa82ad8fd3fe555cef419e5a91856,Playwright,283,input:press:Shift+Enter,textarea.press('Shift+Enter'),Shift+Enter,literal_input,variable_input,technical_or_control_input,technical_or_configuration_or_control_input,visible,keyboard_entry,,keyboard_control_target,,string_literal,,ast_regex_mismatch:source_class,ast_value_argument,,,,,,,n/a,Reviewed review-queue row; use primary source_plausibility_audit_sample for correctness metrics.
midas-research/audino,0c9f32feddc6dd83b421c93636fc6597,Cypress,1438,input:type:quantity,cy.get('.cvat-input-frame-quantity').type(quantity),quantity,variable_input,literal_input,not_observable,indeterminate_or_insufficient_evidence,opaque,ui_text_entry,cvat input frame quantity,unknown,.cvat-input-frame-quantity,identifier,,ast_regex_mismatch:source_class,ast_value_argument,,,,,,,n/a,Reviewed review-queue row; use primary source_plausibility_audit_sample for correctness metrics.
midas-research/audino,8885ce53475aeefb26e87ab3357ff510,Cypress,846,input:type:advancedConfigurationParams.overlapSize,cy.get('#overlapSize').type(advancedConfigurationParams.overlapSize),advancedConfigurationParams.overlapSize,variable_input,literal_input,technical_or_control_input,technical_or_configuration_or_control_input,opaque,ui_text_entry,overlap Size,unknown,#overlapSize,member_expression,,ast_regex_mismatch:source_class,ast_object_literal,object_literal_member,advancedConfigurationParams = { ... },,,cvat/tests/cypress/support/const.js,23,n/a,Reviewed review-queue row; use primary source_plausibility_audit_sample for correctness metrics.
midas-research/audino,0a693acfa181d1b0b55e8cb747935773,Cypress,730,input:type:`${attributes.values}{Enter}`,cy.get('.cvat-attribute-values-input').type(`${attributes.values}{Enter}`),`${attributes.values}{Enter}`,variable_input,literal_input,technical_or_control_input,technical_or_configuration_or_control_input,partially_visible,ui_text_entry,cvat attribute values input,unknown,.cvat-attribute-values-input,template_literal,,ast_regex_mismatch:source_class,ast_value_argument,,,,,,,n/a,Reviewed review-queue row; use primary source_plausibility_audit_sample for correctness metrics.
uber/baseweb,4581d9d7b3c534770a752858c1edf95c,Playwright,59,input:press:Backspace,page.keyboard.press('Backspace'),Backspace,literal_input,variable_input,technical_or_control_input,technical_or_configuration_or_control_input,visible,keyboard_entry,,keyboard_control_target,,string_literal,,ast_regex_mismatch:source_class,ast_value_argument,,,,,,,n/a,Reviewed review-queue row; use primary source_plausibility_audit_sample for correctness metrics.
porsche-design-system/porsche-design-system,d0b7132eeb208b440a3c55f7cf0e9d33,Playwright,1328,input:press:Tab,page.keyboard.press('Tab'),Tab,literal_input,variable_input,technical_or_control_input,technical_or_configuration_or_control_input,visible,keyboard_entry,,keyboard_control_target,,string_literal,,ast_regex_mismatch:source_class,ast_value_argument,,,,,,,n/a,Reviewed review-queue row; use primary source_plausibility_audit_sample for correctness metrics.
refactoringhq/tolaria,5674bd694e64491763e0d98609154576,Playwright,40,input:press:Enter,page.keyboard.press('Enter'),Enter,literal_input,variable_input,technical_or_control_input,technical_or_configuration_or_control_input,visible,keyboard_entry,,keyboard_control_target,,string_literal,,ast_regex_mismatch:source_class,ast_value_argument,,,,,,,n/a,Reviewed review-queue row; use primary source_plausibility_audit_sample for correctness metrics.
kawalcovid19/wargabantuwarga.com,5b9151ffcbf6e0a963d595f876a5ea59,Playwright,37,input:press:Enter,"page.getByRole(""textbox"", { name: /cari kontak/i }).press(""Enter"")",Enter,literal_input,variable_input,technical_or_control_input,technical_or_configuration_or_control_input,visible,keyboard_entry,textbox,keyboard_control_target,textbox,string_literal,,ast_regex_mismatch:source_class,ast_value_argument,,,,,,,n/a,Reviewed review-queue row; use primary source_plausibility_audit_sample for correctness metrics.
midas-research/audino,70e76488e1edb06bb921dd4415158c7d,Cypress,839,input:type:advancedConfigurationParams.frameStep,cy.get('#frameStep').type(advancedConfigurationParams.frameStep),advancedConfigurationParams.frameStep,variable_input,literal_input,technical_or_control_input,technical_or_configuration_or_control_input,opaque,ui_text_entry,frame Step,unknown,#frameStep,member_expression,,ast_regex_mismatch:source_class,ast_object_literal,object_literal_member,advancedConfigurationParams = { ... },,,cvat/tests/cypress/support/const.js,23,n/a,Reviewed review-queue row; use primary source_plausibility_audit_sample for correctness metrics.
midas-research/audino,9eaaa2c4117b1d6ae1a586ac6c437ce1,Cypress,842,input:type:advancedConfigurationParams.chunkSize,cy.get('#dataChunkSize').type(advancedConfigurationParams.chunkSize),advancedConfigurationParams.chunkSize,variable_input,literal_input,technical_or_control_input,technical_or_configuration_or_control_input,opaque,ui_text_entry,data Chunk Size,unknown,#dataChunkSize,member_expression,,ast_regex_mismatch:source_class,ast_object_literal,object_literal_member,advancedConfigurationParams = { ... },,,cvat/tests/cypress/support/const.js,23,n/a,Reviewed review-queue row; use primary source_plausibility_audit_sample for correctness metrics.
ONEARMY/community-platform,2c00a1a12ed0607baec93e7969d51922,Cypress,116,input:type:website,cy.get('[data-cy=website').clear().type(website),website,variable_input,literal_input,not_observable,indeterminate_or_insufficient_evidence,opaque,ui_text_entry,[data cy=website,unknown,[data-cy=website,identifier,,ast_regex_mismatch:source_class,ast_value_argument,,,,,,,n/a,Reviewed review-queue row; use primary source_plausibility_audit_sample for correctness metrics.
refactoringhq/tolaria,84ec43d9cc2fdaf98be95bddcf13ebfd,Playwright,67,input:press:Tab,page.keyboard.press('Tab'),Tab,literal_input,variable_input,technical_or_control_input,technical_or_configuration_or_control_input,visible,keyboard_entry,,keyboard_control_target,,string_literal,,ast_regex_mismatch:source_class,ast_value_argument,,,,,,,n/a,Reviewed review-queue row; use primary source_plausibility_audit_sample for correctness metrics.
pierrecomputer/pierre,2a3e6002c9f1bbc956f86103495eabca,Playwright,260,input:press:ArrowDown,page.keyboard.press('ArrowDown'),ArrowDown,literal_input,variable_input,technical_or_control_input,technical_or_configuration_or_control_input,visible,keyboard_entry,,keyboard_control_target,,string_literal,,ast_regex_mismatch:source_class,ast_value_argument,,,,,,,n/a,Reviewed review-queue row; use primary source_plausibility_audit_sample for correctness metrics.
mattermost/mattermost,f9a643384f782e74e67e9b1f10f1d5e1,Playwright,56,input:press:Tab,page.keyboard.press('Tab'),Tab,literal_input,variable_input,technical_or_control_input,technical_or_configuration_or_control_input,visible,keyboard_entry,,keyboard_control_target,,string_literal,,ast_regex_mismatch:source_class,ast_value_argument,,,,,,,n/a,Reviewed review-queue row; use primary source_plausibility_audit_sample for correctness metrics.
facebook/lexical,78ae8d84b75f5907392f41788ff1f1fc,Playwright,1901,input:press:Enter,page.keyboard.press('Enter'),Enter,literal_input,variable_input,technical_or_control_input,technical_or_configuration_or_control_input,visible,keyboard_entry,,keyboard_control_target,,string_literal,,ast_regex_mismatch:source_class,ast_value_argument,,,,,,,n/a,Reviewed review-queue row; use primary source_plausibility_audit_sample for correctness metrics.
facebook/lexical,32a7f3d9406a70422f86b43cd1468b0d,Playwright,179,input:press:a,page.keyboard.press('a'),a,literal_input,variable_input,technical_or_control_input,technical_or_configuration_or_control_input,visible,keyboard_entry,,keyboard_control_target,,string_literal,,ast_regex_mismatch:source_class,ast_value_argument,,,,,,,n/a,Reviewed review-queue row; use primary source_plausibility_audit_sample for correctness metrics.
ohcnetwork/care_fe,52f2b11507df1923c30aa781aa906176,Playwright,153,input:fill:updatedData.derivedFromUri!,"page
      .getByLabel(/^derived from uri$/i)
      .fill(updatedData.derivedFromUri!)",updatedData.derivedFromUri!,unknown_input,variable_input,technical_or_control_input,technical_or_configuration_or_control_input,unknown,ui_text_entry,/^derived from uri$/i,endpoint_or_resource_config_field,/^derived from uri$/i,unknown,,ast_regex_mismatch:source_class;low_confidence;low_source_confidence,ast_value_argument,,,,,,,n/a,Reviewed review-queue row; use primary source_plausibility_audit_sample for correctness metrics.
facebook/lexical,75b0ea25cc9523016b7e0e6c3c8bc2e6,Playwright,175,"input:type:html` <h1>Foo</h1> <pre>const x = ""hello world"";</pre> <p> Hello <b><i>world</i></b> </p> `","page.keyboard.type(html`
      <h1>Foo</h1>
      <pre>const x = ""hello world"";</pre>
      <p>
        Hello
        <b><i>world</i></b>
      </p>
    `)","html` <h1>Foo</h1> <pre>const x = ""hello world"";</pre> <p> Hello <b><i>world</i></b> </p> `",unknown_input,literal_input,not_observable,indeterminate_or_insufficient_evidence,unknown,ui_text_entry,,unknown,,unknown,,ast_regex_mismatch:source_class;low_confidence;low_source_confidence,ast_value_argument,,,,,,,n/a,Reviewed review-queue row; use primary source_plausibility_audit_sample for correctness metrics.
openobserve/openobserve,3abfe743a9a4e31df21bf83e720fbf4a,Playwright,624,input:fill:log,"searchInput.fill(""log"")",log,literal_input,literal_input,domain_plausible_input,domain_plausible_input,visible,ui_text_entry,,unknown,,string_literal,,low_provenance_confidence,ast_provenance,,,tests/ui-testing/fixtures/log.json,,,,n/a,Reviewed review-queue row; use primary source_plausibility_audit_sample for correctness metrics.
cloudtogo/pageplug,126408e50a0e4ca024b19dd263edd085,Cypress,64,input:type:updatedFormData.name,"cy.get(`${fieldPrefix}-name input`)
      .clear({ force: true })
      .type(updatedFormData.name)",updatedFormData.name,variable_input,variable_input,domain_plausible_input,domain_plausible_input,opaque,ui_text_entry,`${fieldPrefix} name input`,domain_text_field,`${fieldPrefix}-name input`,member_expression,,needs_review_flag,ast_object_literal,object_literal_member,updatedFormData = { ... },,,app/client/cypress/e2e/Regression/ClientSide/Widgets/JSONForm/JSONForm_FormBindings_spec.js,37,n/a,Reviewed review-queue row; use primary source_plausibility_audit_sample for correctness metrics.
appsmithorg/appsmith,c90ca8ea8ffc99904556eddde21e3dd5,Cypress,961,"input:type:Cypress.env(""USERNAME"")","cy.get(welcomePage.email).type(Cypress.env(""USERNAME""))","Cypress.env(""USERNAME"")",environment_input,environment_input,domain_plausible_input,domain_plausible_input,opaque,ui_text_entry,welcomePage.email,domain_text_field,welcomePage.email,call_expression,,needs_review_flag,ast_value_argument,,,,,,,n/a,Reviewed review-queue row; use primary source_plausibility_audit_sample for correctness metrics.
cloudtogo/pageplug,146e8e526a60ed62675f33cab4d2c4b3,Cypress,935,"input:type:Cypress.env(""PASSWORD"")","cy.get(welcomePage.verifyPassword).type(Cypress.env(""PASSWORD""))","Cypress.env(""PASSWORD"")",environment_input,environment_input,domain_plausible_input,domain_plausible_input,opaque,ui_text_entry,welcomePage.verifyPassword,credential_or_config_field,welcomePage.verifyPassword,call_expression,,needs_review_flag,ast_value_argument,,,,,,,n/a,Reviewed review-queue row; use primary source_plausibility_audit_sample for correctness metrics.
appsmithorg/appsmith,7d88844494920dfbf9187d1dfa1f6cfa,Cypress,961,"input:type:Cypress.env(""USERNAME"")","cy.get(welcomePage.email).type(Cypress.env(""USERNAME""))","Cypress.env(""USERNAME"")",environment_input,environment_input,domain_plausible_input,domain_plausible_input,opaque,ui_text_entry,welcomePage.email,domain_text_field,welcomePage.email,call_expression,,needs_review_flag,ast_value_argument,,,,,,,n/a,Reviewed review-queue row; use primary source_plausibility_audit_sample for correctness metrics.
facebook/lexical,3ea5e3cfccb350bd9cca7af481186e2a,Playwright,333,input:type:#hello,page.keyboard.type('#hello'),#hello,literal_input,literal_input,domain_plausible_input,domain_plausible_input,visible,ui_text_entry,,unknown,,string_literal,,needs_review_flag,ast_value_argument,,,,,,,n/a,Reviewed review-queue row; use primary source_plausibility_audit_sample for correctness metrics.
cloudtogo/pageplug,1de22e79db625a6d89c70c0e8a0ab543,Cypress,931,"input:type:Cypress.env(""USERNAME"")","cy.get(welcomePage.email).type(Cypress.env(""USERNAME""))","Cypress.env(""USERNAME"")",environment_input,environment_input,domain_plausible_input,domain_plausible_input,opaque,ui_text_entry,welcomePage.email,domain_text_field,welcomePage.email,call_expression,,needs_review_flag,ast_value_argument,,,,,,,n/a,Reviewed review-queue row; use primary source_plausibility_audit_sample for correctness metrics.
appsmithorg/appsmith,810b3e8774c87e93aedbe4b9c7e7cd36,Cypress,961,"input:type:Cypress.env(""USERNAME"")","cy.get(welcomePage.email).type(Cypress.env(""USERNAME""))","Cypress.env(""USERNAME"")",environment_input,environment_input,domain_plausible_input,domain_plausible_input,opaque,ui_text_entry,welcomePage.email,domain_text_field,welcomePage.email,call_expression,,needs_review_flag,ast_value_argument,,,,,,,n/a,Reviewed review-queue row; use primary source_plausibility_audit_sample for correctness metrics.
cloudtogo/pageplug,cbd5a36c250b649ed9fbee21a9bc0166,Cypress,935,"input:type:Cypress.env(""PASSWORD"")","cy.get(welcomePage.verifyPassword).type(Cypress.env(""PASSWORD""))","Cypress.env(""PASSWORD"")",environment_input,environment_input,domain_plausible_input,domain_plausible_input,opaque,ui_text_entry,welcomePage.verifyPassword,credential_or_config_field,welcomePage.verifyPassword,call_expression,,needs_review_flag,ast_value_argument,,,,,,,n/a,Reviewed review-queue row; use primary source_plausibility_audit_sample for correctness metrics.
appsmithorg/appsmith,6abad40214c1aa47fdd6b6c801bcdbbb,Cypress,965,"input:type:Cypress.env(""PASSWORD"")","cy.get(welcomePage.verifyPassword).type(Cypress.env(""PASSWORD""))","Cypress.env(""PASSWORD"")",environment_input,environment_input,domain_plausible_input,domain_plausible_input,opaque,ui_text_entry,welcomePage.verifyPassword,credential_or_config_field,welcomePage.verifyPassword,call_expression,,needs_review_flag,ast_value_argument,,,,,,,n/a,Reviewed review-queue row; use primary source_plausibility_audit_sample for correctness metrics.
surveyjs/survey-library,209f873f6576a44f13a45d5c426408b0,Playwright,98,input:type:Comment for d,"page.keyboard.type(""Comment for d"")",Comment for d,literal_input,literal_input,domain_plausible_input,domain_plausible_input,visible,ui_text_entry,,unknown,,string_literal,,needs_review_flag,ast_value_argument,,,,,,,n/a,Reviewed review-queue row; use primary source_plausibility_audit_sample for correctness metrics.
cloudtogo/pageplug,2d6e4634266e0de5ecee55210c082269,Cypress,931,"input:type:Cypress.env(""USERNAME"")","cy.get(welcomePage.email).type(Cypress.env(""USERNAME""))","Cypress.env(""USERNAME"")",environment_input,environment_input,domain_plausible_input,domain_plausible_input,opaque,ui_text_entry,welcomePage.email,domain_text_field,welcomePage.email,call_expression,,needs_review_flag,ast_value_argument,,,,,,,n/a,Reviewed review-queue row; use primary source_plausibility_audit_sample for correctness metrics.
mattermost/mattermost,d58939e147c83768b4d36432ac2d7509,Cypress,75,input:type:in:town-square,cy.uiGetSearchBox().clear().type('in:town-square'),in:town-square,literal_input,literal_input,domain_plausible_input,domain_plausible_input,visible,ui_text_entry,,unknown,,string_literal,,needs_review_flag,ast_value_argument,,,,,,,n/a,Reviewed review-queue row; use primary source_plausibility_audit_sample for correctness metrics.
appsmithorg/appsmith,3a4112c4fafa070c8b4ab23d41c6252f,Cypress,965,"input:type:Cypress.env(""PASSWORD"")","cy.get(welcomePage.verifyPassword).type(Cypress.env(""PASSWORD""))","Cypress.env(""PASSWORD"")",environment_input,environment_input,domain_plausible_input,domain_plausible_input,opaque,ui_text_entry,welcomePage.verifyPassword,credential_or_config_field,welcomePage.verifyPassword,call_expression,,needs_review_flag,ast_value_argument,,,,,,,n/a,Reviewed review-queue row; use primary source_plausibility_audit_sample for correctness metrics.
cloudtogo/pageplug,70cc6548e6d116a8331aa0ba8feca81b,Cypress,933,"input:type:Cypress.env(""PASSWORD"")","cy.get(welcomePage.password).type(Cypress.env(""PASSWORD""))","Cypress.env(""PASSWORD"")",environment_input,environment_input,domain_plausible_input,domain_plausible_input,opaque,ui_text_entry,welcomePage.password,credential_or_config_field,welcomePage.password,call_expression,,needs_review_flag,ast_value_argument,,,,,,,n/a,Reviewed review-queue row; use primary source_plausibility_audit_sample for correctness metrics.
refly-ai/refly,a77a34f1a58385e26ecc669095296784,Cypress,33,input:type:test@example.com,"cy.get('[data-cy=""email-input""]').type('test@example.com')",test@example.com,literal_input,literal_input,domain_plausible_input,domain_plausible_input,visible,ui_text_entry,"[data cy=""email input""]",domain_text_field,"[data-cy=""email-input""]",string_literal,,needs_review_flag,ast_value_argument,,,,,,,n/a,Reviewed review-queue row; use primary source_plausibility_audit_sample for correctness metrics.
cloudtogo/pageplug,348cf8451945c2719b325ece743c519e,Cypress,935,"input:type:Cypress.env(""PASSWORD"")","cy.get(welcomePage.verifyPassword).type(Cypress.env(""PASSWORD""))","Cypress.env(""PASSWORD"")",environment_input,environment_input,domain_plausible_input,domain_plausible_input,opaque,ui_text_entry,welcomePage.verifyPassword,credential_or_config_field,welcomePage.verifyPassword,call_expression,,needs_review_flag,ast_value_argument,,,,,,,n/a,Reviewed review-queue row; use primary source_plausibility_audit_sample for correctness metrics.
cloudtogo/pageplug,e1fb50844967313a30a9493f7b9f954d,Cypress,933,"input:type:Cypress.env(""PASSWORD"")","cy.get(welcomePage.password).type(Cypress.env(""PASSWORD""))","Cypress.env(""PASSWORD"")",environment_input,environment_input,domain_plausible_input,domain_plausible_input,opaque,ui_text_entry,welcomePage.password,credential_or_config_field,welcomePage.password,call_expression,,needs_review_flag,ast_value_argument,,,,,,,n/a,Reviewed review-queue row; use primary source_plausibility_audit_sample for correctness metrics.
appsmithorg/appsmith,f02bcac91ed989803dc2b4dee10a12f6,Cypress,963,"input:type:Cypress.env(""PASSWORD"")","cy.get(welcomePage.password).type(Cypress.env(""PASSWORD""))","Cypress.env(""PASSWORD"")",environment_input,environment_input,domain_plausible_input,domain_plausible_input,opaque,ui_text_entry,welcomePage.password,credential_or_config_field,welcomePage.password,call_expression,,needs_review_flag,ast_value_argument,,,,,,,n/a,Reviewed review-queue row; use primary source_plausibility_audit_sample for correctness metrics.
cloudtogo/pageplug,d1138a9139458732ed852621d9065840,Cypress,931,"input:type:Cypress.env(""USERNAME"")","cy.get(welcomePage.email).type(Cypress.env(""USERNAME""))","Cypress.env(""USERNAME"")",environment_input,environment_input,domain_plausible_input,domain_plausible_input,opaque,ui_text_entry,welcomePage.email,domain_text_field,welcomePage.email,call_expression,,needs_review_flag,ast_value_argument,,,,,,,n/a,Reviewed review-queue row; use primary source_plausibility_audit_sample for correctness metrics.
webiny/webiny-js,85466f55d228f415a5aa262313783a93,Cypress,176,input:type:newPassword,cy.findByLabelText(/your password/i).type(newPassword),newPassword,variable_input,variable_input,domain_plausible_input,domain_plausible_input,opaque,ui_text_entry,/your password/i,credential_or_config_field,/your password/i,identifier,,needs_review_flag,ast_value_argument,,,,,,,n/a,Reviewed review-queue row; use primary source_plausibility_audit_sample for correctness metrics.
midas-research/audino,16686b22643de2e8ce283bdfcff05e63,Cypress,24,input:type:password,cy.get('#password').type(password),password,variable_input,literal_input,domain_plausible_input,domain_plausible_input,opaque,ui_text_entry,password,credential_or_config_field,#password,identifier,,needs_review_flag;ast_regex_mismatch:source_class,ast_value_argument,,,,,,,n/a,Reviewed review-queue row; use primary source_plausibility_audit_sample for correctness metrics.
midas-research/audino,0ddd8cc0b6f4eea1bbdf7f13f67caa4f,Cypress,46,input:type:firstName,cy.get('#firstName').type(firstName),firstName,variable_input,literal_input,domain_plausible_input,domain_plausible_input,opaque,ui_text_entry,first Name,domain_text_field,#firstName,identifier,,needs_review_flag;ast_regex_mismatch:source_class,ast_value_argument,,,,,,,n/a,Reviewed review-queue row; use primary source_plausibility_audit_sample for correctness metrics.
UI5/webcomponents,7da89340f474595b55342f61e16ba35a,Cypress,17,input:realType:value,"cy.get(""@colorPicker"")
		.shadow()
		.find(name)
		.realClick({ clickCount: 2 })
		// eslint-disable-next-line @typescript-eslint/no-unsafe-argument
		.realType(value)",value,variable_input,literal_input,domain_plausible_input,domain_plausible_input,opaque,ui_text_entry,@colorPicker,unknown,@colorPicker,identifier,,needs_review_flag;ast_regex_mismatch:source_class,ast_value_argument,,,,,,,n/a,Reviewed review-queue row; use primary source_plausibility_audit_sample for correctness metrics.
cypress-io/cypress-realworld-app,e57b42bfd2e2564b6791c4d639c62672,Cypress,76,input:type:password,"cy.get('input[name=""password""]:visible').type(password, {
            log: false,
          })",password,variable_input,literal_input,domain_plausible_input,domain_plausible_input,opaque,ui_text_entry,"input[name=""password""]:visible",credential_or_config_field,"input[name=""password""]:visible",identifier,,needs_review_flag;ast_regex_mismatch:source_class,ast_value_argument,,,,,,,n/a,Reviewed review-queue row; use primary source_plausibility_audit_sample for correctness metrics.
SonicJs-Org/sonicjs,3e9eedeb41eec615fcf6073b92b7215b,Playwright,348,input:fill:ADMIN_CREDENTIALS.password,"page.fill('[name=""password""]', ADMIN_CREDENTIALS.password)",ADMIN_CREDENTIALS.password,variable_input,literal_input,domain_plausible_input,domain_plausible_input,opaque,ui_text_entry,"[name=""password""]",unknown,,member_expression,,needs_review_flag;ast_regex_mismatch:source_class,ast_value_argument,,,,,,,n/a,Reviewed review-queue row; use primary source_plausibility_audit_sample for correctness metrics.
midas-research/audino,27b9de71ecda1d45bf7f201b7b2a1b31,Cypress,49,input:type:emailAddr,cy.get('#email').type(emailAddr),emailAddr,variable_input,literal_input,domain_plausible_input,domain_plausible_input,opaque,ui_text_entry,email,domain_text_field,#email,identifier,,needs_review_flag;ast_regex_mismatch:source_class,ast_value_argument,,,,,,,n/a,Reviewed review-queue row; use primary source_plausibility_audit_sample for correctness metrics.
laudspeaker/laudspeaker,0230d959471c752792a83456919c1a4c,Cypress,16,input:type:password,"cy.get(""#password"").type(password)",password,variable_input,literal_input,domain_plausible_input,domain_plausible_input,opaque,ui_text_entry,password,credential_or_config_field,#password,identifier,,needs_review_flag;ast_regex_mismatch:source_class,ast_value_argument,,,,,,,n/a,Reviewed review-queue row; use primary source_plausibility_audit_sample for correctness metrics.
element-hq/element-web,d29ad576b0357da47c468b50c8e7e7da,Playwright,214,input:fill:credentials.password,"page.getByPlaceholder(""Password"").fill(credentials.password)",credentials.password,variable_input,literal_input,domain_plausible_input,domain_plausible_input,opaque,ui_text_entry,Password,credential_or_config_field,Password,member_expression,,needs_review_flag;ast_regex_mismatch:source_class,ast_value_argument,,,,,,,n/a,Reviewed review-queue row; use primary source_plausibility_audit_sample for correctness metrics.
SonicJs-Org/sonicjs,2f155f9df6ea911f604e3f2620c9ba1d,Playwright,347,input:fill:ADMIN_CREDENTIALS.email,"page.fill('[name=""email""]', ADMIN_CREDENTIALS.email)",ADMIN_CREDENTIALS.email,variable_input,literal_input,domain_plausible_input,domain_plausible_input,opaque,ui_text_entry,"[name=""email""]",unknown,,member_expression,,needs_review_flag;ast_regex_mismatch:source_class,ast_value_argument,,,,,,,n/a,Reviewed review-queue row; use primary source_plausibility_audit_sample for correctness metrics.
ONEARMY/community-platform,ba8fb26cfd0397115868a218790d6214,Cypress,123,input:type:updatedTitle,cy.get('[data-cy=field-title]').clear().type(updatedTitle),updatedTitle,variable_input,literal_input,domain_plausible_input,domain_plausible_input,opaque,ui_text_entry,[data cy=field title],domain_text_field,[data-cy=field-title],identifier,,needs_review_flag;ast_regex_mismatch:source_class,ast_value_argument,,,,,,,n/a,Reviewed review-queue row; use primary source_plausibility_audit_sample for correctness metrics.
SonicJs-Org/sonicjs,05b8912d64df834a9c4b9a06812a17fc,Playwright,348,input:fill:ADMIN_CREDENTIALS.password,"page.fill('[name=""password""]', ADMIN_CREDENTIALS.password)",ADMIN_CREDENTIALS.password,variable_input,literal_input,domain_plausible_input,domain_plausible_input,opaque,ui_text_entry,"[name=""password""]",unknown,,member_expression,,needs_review_flag;ast_regex_mismatch:source_class,ast_value_argument,,,,,,,n/a,Reviewed review-queue row; use primary source_plausibility_audit_sample for correctness metrics.
dyrector-io/dyrectorio,caeda9ac244aa6f6db5174eafac94bb1,Playwright,95,input:fill:user.toString(),"page.locator('input[placeholder=""Container default""]').fill(user.toString())",user.toString(),variable_input,literal_input,domain_plausible_input,domain_plausible_input,opaque,ui_text_entry,"input[placeholder=""Container default""]",unknown,"input[placeholder=""Container default""]",call_expression,url_constructor_or_path_builder,needs_review_flag;ast_regex_mismatch:source_class,ast_value_argument,,,,,,,n/a,Reviewed review-queue row; use primary source_plausibility_audit_sample for correctness metrics.
midas-research/audino,c92a0beaa18ea756250a3411673f2779,Cypress,723,input:type:attributes.values,cy.get('.cvat-attribute-values-input').type(attributes.values),attributes.values,variable_input,literal_input,domain_plausible_input,domain_plausible_input,opaque,ui_text_entry,cvat attribute values input,unknown,.cvat-attribute-values-input,member_expression,,needs_review_flag;ast_regex_mismatch:source_class,ast_value_argument,,,,,,,n/a,Reviewed review-queue row; use primary source_plausibility_audit_sample for correctness metrics.
SonicJs-Org/sonicjs,1522211f9c76bd5e08fe37326506b6ca,Playwright,347,input:fill:ADMIN_CREDENTIALS.email,"page.fill('[name=""email""]', ADMIN_CREDENTIALS.email)",ADMIN_CREDENTIALS.email,variable_input,literal_input,domain_plausible_input,domain_plausible_input,opaque,ui_text_entry,"[name=""email""]",unknown,,member_expression,,needs_review_flag;ast_regex_mismatch:source_class,ast_value_argument,,,,,,,n/a,Reviewed review-queue row; use primary source_plausibility_audit_sample for correctness metrics.
premieroctet/next-admin,f6bec987def9133fc375639babe19392,Playwright,108,input:fill:dataTest.Post.title,"page.fill('input[id=""title""]', dataTest.Post.title)",dataTest.Post.title,variable_input,literal_input,domain_plausible_input,domain_plausible_input,opaque,ui_text_entry,"input[id=""title""]",unknown,,member_expression,,needs_review_flag;ast_regex_mismatch:source_class,ast_value_argument,,,,,,,n/a,Reviewed review-queue row; use primary source_plausibility_audit_sample for correctness metrics.
midas-research/audino,86708eb4bfc7ad1f33c3e8a814561e61,Cypress,709,input:type:attributes.name,cy.get('.cvat-attribute-name-input').type(attributes.name),attributes.name,variable_input,literal_input,domain_plausible_input,domain_plausible_input,opaque,ui_text_entry,cvat attribute name input,domain_text_field,.cvat-attribute-name-input,member_expression,,needs_review_flag;ast_regex_mismatch:source_class,ast_value_argument,,,,,,,n/a,Reviewed review-queue row; use primary source_plausibility_audit_sample for correctness metrics.
midas-research/audino,75de5fae38897d7554990e73ad0ccbfe,Cypress,27,input:type:attrName,"cy.get('[placeholder=""Name""]').type(attrName)",attrName,variable_input,literal_input,domain_plausible_input,domain_plausible_input,opaque,ui_text_entry,"[placeholder=""Name""]",domain_text_field,"[placeholder=""Name""]",identifier,,needs_review_flag;ast_regex_mismatch:source_class,ast_value_argument,,,,,,,n/a,Reviewed review-queue row; use primary source_plausibility_audit_sample for correctness metrics.
midas-research/audino,2a0fe8bb95ec8adb65176d66c82cd442,Cypress,23,input:type:username,cy.get('#credential').type(username),username,variable_input,literal_input,domain_plausible_input,domain_plausible_input,opaque,ui_text_entry,credential,credential_or_config_field,#credential,identifier,,needs_review_flag;ast_regex_mismatch:source_class,ast_value_argument,,,,,,,n/a,Reviewed review-queue row; use primary source_plausibility_audit_sample for correctness metrics.
opencollective/opencollective-frontend,b865ab6cd8035fb721477624c02a0bcc,Cypress,246,input:type:publicMessage,cy.get('textarea').type(publicMessage),publicMessage,variable_input,literal_input,domain_plausible_input,domain_plausible_input,opaque,ui_text_entry,textarea,unknown,textarea,identifier,,needs_review_flag;ast_regex_mismatch:source_class,ast_value_argument,,,,,,,n/a,Reviewed review-queue row; use primary source_plausibility_audit_sample for correctness metrics.
midas-research/audino,99a6a812c6660855cff558bcfdf39107,Cypress,129,input:type:jsonAttrMutableNumber,"cy.get('#labels').type(jsonAttrMutableNumber, { parseSpecialCharSequences: false })",jsonAttrMutableNumber,variable_input,literal_input,domain_plausible_input,domain_plausible_input,opaque,ui_text_entry,labels,domain_text_field,#labels,identifier,,needs_review_flag;ast_regex_mismatch:source_class,ast_value_argument,,,,,,,n/a,Reviewed review-queue row; use primary source_plausibility_audit_sample for correctness metrics.
linode/manager,0de80e38289d90e987418b5be841f4a2,Cypress,479,input:type:valueToSelect as string,"cy
              .get(valueSelector)
              .findByPlaceholderText(valuePlaceHolder)
              .type(valueToSelect as string)",valueToSelect as string,unknown_input,variable_input,domain_plausible_input,domain_plausible_input,unknown,ui_text_entry,value Place Holder,unknown,valuePlaceHolder,unknown,,needs_review_flag;ast_regex_mismatch:source_class;low_confidence;low_source_confidence,ast_value_argument,,,,,,,n/a,Reviewed review-queue row; use primary source_plausibility_audit_sample for correctness metrics.
team-mirai/marumie,e01d389640f63aece733b5e2f3c7a050,Playwright,54,input:selectOption:yearA!,yearSelect.selectOption(yearA!),yearA!,unknown_input,variable_input,domain_plausible_input,domain_plausible_input,unknown,ui_selection,,domain_selection_field,,unknown,,needs_review_flag;ast_regex_mismatch:source_class;low_confidence;low_source_confidence,ast_value_argument,,,,,,,n/a,Reviewed review-queue row; use primary source_plausibility_audit_sample for correctness metrics.
ohcnetwork/care_fe,22d4a80d3e7d967c3dec383521ed4fe2,Playwright,136,input:fill:data.notes!,serviceRequestCard.getByPlaceholder(/add note/i).fill(data.notes!),data.notes!,unknown_input,variable_input,domain_plausible_input,domain_plausible_input,unknown,ui_text_entry,/add note/i,domain_text_field,/add note/i,unknown,,needs_review_flag;ast_regex_mismatch:source_class;low_confidence;low_source_confidence,ast_value_argument,,,,,,,n/a,Reviewed review-queue row; use primary source_plausibility_audit_sample for correctness metrics.
cypress-io/cypress-realworld-app,8fb13c4d0d033e204c56fad3d7d8ea7a,Cypress,273,input:type:targetUser[attr] as string,"cy.getBySel(""user-list-search-input"").type(targetUser[attr] as string, { force: true })",targetUser[attr] as string,unknown_input,literal_input,domain_plausible_input,domain_plausible_input,unknown,ui_text_entry,,unknown,,unknown,,needs_review_flag;ast_regex_mismatch:source_class;low_confidence;low_source_confidence,ast_value_argument,,,,,,,n/a,Reviewed review-queue row; use primary source_plausibility_audit_sample for correctness metrics.
saasykits/nextjs-sessionauth-template,82c41c5ee3e9d59e7c06a45232c161dd,Playwright,29,input:fill:code!,"page.getByLabel(""Verification Code"").fill(code!)",code!,unknown_input,literal_input,domain_plausible_input,domain_plausible_input,unknown,ui_text_entry,Verification Code,unknown,Verification Code,unknown,,needs_review_flag;ast_regex_mismatch:source_class;low_confidence;low_source_confidence,ast_value_argument,,,,,,,n/a,Reviewed review-queue row; use primary source_plausibility_audit_sample for correctness metrics.
team-mirai/marumie,e01d389640f63aece733b5e2f3c7a050,Playwright,82,input:selectOption:yearB!,yearSelect.selectOption(yearB!),yearB!,unknown_input,variable_input,domain_plausible_input,domain_plausible_input,unknown,ui_selection,,domain_selection_field,,unknown,,needs_review_flag;ast_regex_mismatch:source_class;low_confidence;low_source_confidence,ast_value_argument,,,,,,,n/a,Reviewed review-queue row; use primary source_plausibility_audit_sample for correctness metrics.
linode/manager,1a1ed1eefc7e4faf1a6c9f0ed63f4e02,Cypress,170,input:type:mockSubnetToDelete.ipv4!,cy.focused().type(mockSubnetToDelete.ipv4!),mockSubnetToDelete.ipv4!,unknown_input,variable_input,domain_plausible_input,domain_plausible_input,unknown,ui_text_entry,,unknown,,unknown,,needs_review_flag;ast_regex_mismatch:source_class;low_confidence;low_source_confidence,ast_value_argument,,,,,,,n/a,Reviewed review-queue row; use primary source_plausibility_audit_sample for correctness metrics.
ohcnetwork/care_fe,63bf6c0e7e55c4138a35bd1c5667794a,Playwright,136,input:fill:data.notes!,serviceRequestCard.getByPlaceholder(/add note/i).fill(data.notes!),data.notes!,unknown_input,variable_input,domain_plausible_input,domain_plausible_input,unknown,ui_text_entry,/add note/i,domain_text_field,/add note/i,unknown,,needs_review_flag;ast_regex_mismatch:source_class;low_confidence;low_source_confidence,ast_value_argument,,,,,,,n/a,Reviewed review-queue row; use primary source_plausibility_audit_sample for correctness metrics.
mattermost/mattermost,a716878391d84abbc91db47dc2017124,Cypress,62,input:type:bot.display_name!,"cy.get('#searchInput', {timeout: TIMEOUTS.ONE_MIN}).type(bot.display_name!)",bot.display_name!,unknown_input,literal_input,domain_plausible_input,domain_plausible_input,unknown,ui_text_entry,search Input,domain_text_field,#searchInput,unknown,,needs_review_flag;ast_regex_mismatch:source_class;low_confidence;low_source_confidence,ast_value_argument,,,,,,,n/a,Reviewed review-queue row; use primary source_plausibility_audit_sample for correctness metrics.
linode/manager,cde6ded40f63eccc938da45fa8a6d41f,Cypress,339,input:type:valueToSelect as string,"cy
              .get(valueSelector)
              .findByPlaceholderText(valuePlaceHolder)
              .type(valueToSelect as string)",valueToSelect as string,unknown_input,variable_input,domain_plausible_input,domain_plausible_input,unknown,ui_text_entry,value Place Holder,unknown,valuePlaceHolder,unknown,,needs_review_flag;ast_regex_mismatch:source_class;low_confidence;low_source_confidence,ast_value_argument,,,,,,,n/a,Reviewed review-queue row; use primary source_plausibility_audit_sample for correctness metrics.
team-mirai/marumie,e01d389640f63aece733b5e2f3c7a050,Playwright,65,input:selectOption:yearB!,yearSelect.selectOption(yearB!),yearB!,unknown_input,variable_input,domain_plausible_input,domain_plausible_input,unknown,ui_selection,,domain_selection_field,,unknown,,needs_review_flag;ast_regex_mismatch:source_class;low_confidence;low_source_confidence,ast_value_argument,,,,,,,n/a,Reviewed review-queue row; use primary source_plausibility_audit_sample for correctness metrics.
linode/manager,1a1ed1eefc7e4faf1a6c9f0ed63f4e02,Cypress,154,input:type:mockSubnets[0].ipv4!,cy.focused().type(mockSubnets[0].ipv4!),mockSubnets[0].ipv4!,unknown_input,variable_input,domain_plausible_input,domain_plausible_input,unknown,ui_text_entry,,unknown,,unknown,,needs_review_flag;ast_regex_mismatch:source_class;low_confidence;low_source_confidence,ast_value_argument,,,,,,,n/a,Reviewed review-queue row; use primary source_plausibility_audit_sample for correctness metrics.
mattermost/mattermost,ca1fbc611a9fc16c7581b2d484b8466a,Cypress,188,input:type:bot.display_name!,"cy.get('#searchInput', {timeout: TIMEOUTS.ONE_MIN}).type(bot.display_name!)",bot.display_name!,unknown_input,literal_input,domain_plausible_input,domain_plausible_input,unknown,ui_text_entry,search Input,domain_text_field,#searchInput,unknown,,needs_review_flag;ast_regex_mismatch:source_class;low_confidence;low_source_confidence,ast_value_argument,,,,,,,n/a,Reviewed review-queue row; use primary source_plausibility_audit_sample for correctness metrics.
linode/manager,0de80e38289d90e987418b5be841f4a2,Cypress,634,input:type:valueToSelect as string,"cy
              .get(valueSelector)
              .findByPlaceholderText(valuePlaceHolder)
              .type(valueToSelect as string)",valueToSelect as string,unknown_input,variable_input,domain_plausible_input,domain_plausible_input,unknown,ui_text_entry,value Place Holder,unknown,valuePlaceHolder,unknown,,needs_review_flag;ast_regex_mismatch:source_class;low_confidence;low_source_confidence,ast_value_argument,,,,,,,n/a,Reviewed review-queue row; use primary source_plausibility_audit_sample for correctness metrics.
ohcnetwork/care_fe,63bf6c0e7e55c4138a35bd1c5667794a,Playwright,114,input:fill:data.patientInstruction!,"serviceRequestCard
      .getByPlaceholder(/enter patient instruction/i)
      .fill(data.patientInstruction!)",data.patientInstruction!,unknown_input,variable_input,domain_plausible_input,domain_plausible_input,unknown,ui_text_entry,/enter patient instruction/i,unknown,/enter patient instruction/i,unknown,,needs_review_flag;ast_regex_mismatch:source_class;low_confidence;low_source_confidence,ast_value_argument,,,,,,,n/a,Reviewed review-queue row; use primary source_plausibility_audit_sample for correctness metrics.
team-mirai/marumie,e01d389640f63aece733b5e2f3c7a050,Playwright,77,input:selectOption:yearA!,yearSelect.selectOption(yearA!),yearA!,unknown_input,variable_input,domain_plausible_input,domain_plausible_input,unknown,ui_selection,,domain_selection_field,,unknown,,needs_review_flag;ast_regex_mismatch:source_class;low_confidence;low_source_confidence,ast_value_argument,,,,,,,n/a,Reviewed review-queue row; use primary source_plausibility_audit_sample for correctness metrics.
pretzelai/pretzelai,764b76db66631a776f33952bf3be526b,Playwright,138,input:selectOption:await option.textContent(),select.selectOption(await option.textContent()),await option.textContent(),unknown_input,variable_input,domain_plausible_input,domain_plausible_input,unknown,ui_selection,,domain_selection_field,,unknown,,needs_review_flag;ast_regex_mismatch:source_class;low_confidence;low_source_confidence,ast_value_argument,,,,,,,n/a,Reviewed review-queue row; use primary source_plausibility_audit_sample for correctness metrics.
ohcnetwork/care_fe,22d4a80d3e7d967c3dec383521ed4fe2,Playwright,114,input:fill:data.patientInstruction!,"serviceRequestCard
      .getByPlaceholder(/enter patient instruction/i)
      .fill(data.patientInstruction!)",data.patientInstruction!,unknown_input,variable_input,domain_plausible_input,domain_plausible_input,unknown,ui_text_entry,/enter patient instruction/i,unknown,/enter patient instruction/i,unknown,,needs_review_flag;ast_regex_mismatch:source_class;low_confidence;low_source_confidence,ast_value_argument,,,,,,,n/a,Reviewed review-queue row; use primary source_plausibility_audit_sample for correctness metrics.
mattermost/mattermost,083cf9d15f6fc5a41076f5ba0928d97c,Cypress,45,input:type:4444,cy.get('#input_postalCode').clear().type('4444'),4444,literal_input,literal_input,unclear,indeterminate_or_insufficient_evidence,visible,ui_text_entry,postal Code,unknown,#input_postalCode,string_literal,,needs_review_flag;low_plausibility_confidence;visible_unclear,ast_value_argument,,,,,,,n/a,Reviewed review-queue row; use primary source_plausibility_audit_sample for correctness metrics.
facebook/lexical,48c9a92ba2fa1967400fd965d2d4800a,Playwright,227,input:type::),page.keyboard.type(' :)'),:),literal_input,literal_input,unclear,indeterminate_or_insufficient_evidence,visible,ui_text_entry,,unknown,,string_literal,,needs_review_flag;low_plausibility_confidence;visible_unclear,ast_value_argument,,,,,,,n/a,Reviewed review-queue row; use primary source_plausibility_audit_sample for correctness metrics.
invoicerr-app/invoicerr,1788f3dae3b6f1b886c455b4d1018470,Cypress,98,input:type:12345,"cy.get('[name=""postalCode""]').clear().type('12345')",12345,literal_input,literal_input,unclear,indeterminate_or_insufficient_evidence,visible,ui_text_entry,"[name=""postalCode""]",domain_text_field,"[name=""postalCode""]",string_literal,,needs_review_flag;low_plausibility_confidence;visible_unclear,ast_value_argument,,,,,,,n/a,Reviewed review-queue row; use primary source_plausibility_audit_sample for correctness metrics.
taiga-family/maskito,a6c594ed641f3374c8615865254c0d8f,Cypress,255,input:type:101220051230,"cy.get('@input')
                        .type('101220051230')",101220051230,literal_input,literal_input,unclear,indeterminate_or_insufficient_evidence,visible,ui_text_entry,@input,unknown,@input,string_literal,,needs_review_flag;low_plausibility_confidence;visible_unclear,ast_value_argument,,,,,,,n/a,Reviewed review-queue row; use primary source_plausibility_audit_sample for correctness metrics.
UI5/webcomponents,be5c5a0de696491ac522c4151580b900,Cypress,2609,input:realType:a,"cy.get(""#field"").shadow().find(""input"").click().realType(""a"")",a,literal_input,literal_input,unclear,indeterminate_or_insufficient_evidence,visible,ui_text_entry,#field,unknown,#field,string_literal,,needs_review_flag;low_plausibility_confidence;visible_unclear,ast_value_argument,,,,,,,n/a,Reviewed review-queue row; use primary source_plausibility_audit_sample for correctness metrics.
mattermost/mattermost,93ea52ff40240cfac48a3bba07ba6b16,Cypress,34,input:type:k,cy.typeCmdOrCtrl().type('k'),k,literal_input,literal_input,unclear,indeterminate_or_insufficient_evidence,visible,ui_text_entry,,unknown,,string_literal,,needs_review_flag;low_plausibility_confidence;visible_unclear,ast_value_argument,,,,,,,n/a,Reviewed review-queue row; use primary source_plausibility_audit_sample for correctness metrics.
cypress-io/cypress-realworld-app,c67a3a8d55fc4a532451985322a42cc2,Cypress,59,input:type:123456789,"cy.getBySelLike(""accountNumber-input"").type(""123456789"")",123456789,literal_input,literal_input,unclear,indeterminate_or_insufficient_evidence,visible,ui_text_entry,,unknown,,string_literal,,needs_review_flag;low_plausibility_confidence;visible_unclear,ast_value_argument,,,,,,,n/a,Reviewed review-queue row; use primary source_plausibility_audit_sample for correctness metrics.
taiga-family/maskito,f707f99739d19e71a7d2d5314a436a2f,Cypress,88,input:type:01121998,"cy.get('input')
                        .type('01121998')",01121998,literal_input,literal_input,unclear,indeterminate_or_insufficient_evidence,visible,ui_text_entry,input,unknown,input,string_literal,,needs_review_flag;low_plausibility_confidence;visible_unclear,ast_value_argument,,,,,,,n/a,Reviewed review-queue row; use primary source_plausibility_audit_sample for correctness metrics.
taiga-family/maskito,0056232b669d8fdf1c46b55501e29b9b,Cypress,130,input:type:F,"cy.get('@input')
                .type('123')
                .type('{moveToStart}{rightArrow}')
                .type('F')",F,literal_input,literal_input,unclear,indeterminate_or_insufficient_evidence,visible,ui_text_entry,@input,unknown,@input,string_literal,,needs_review_flag;low_plausibility_confidence;visible_unclear,ast_value_argument,,,,,,,n/a,Reviewed review-queue row; use primary source_plausibility_audit_sample for correctness metrics.
UI5/webcomponents,1679f2774497bcd90b2f85f8a0e64bdd,Cypress,264,input:realType:l,"cy.get(""[ui5-search]"")
			.realClick()
			.realType(""l"")",l,literal_input,literal_input,unclear,indeterminate_or_insufficient_evidence,visible,ui_text_entry,[ui5 search],domain_text_field,[ui5-search],string_literal,,needs_review_flag;low_plausibility_confidence;visible_unclear,ast_value_argument,,,,,,,n/a,Reviewed review-queue row; use primary source_plausibility_audit_sample for correctness metrics.
mattermost/mattermost,b4914b5710a663e5be6c5b42293cf343,Cypress,34,input:type:k,cy.typeCmdOrCtrl().type('k'),k,literal_input,literal_input,unclear,indeterminate_or_insufficient_evidence,visible,ui_text_entry,,unknown,,string_literal,,needs_review_flag;low_plausibility_confidence;visible_unclear,ast_value_argument,,,,,,,n/a,Reviewed review-queue row; use primary source_plausibility_audit_sample for correctness metrics.
taiga-family/maskito,c4082fce327fed8c4088f30e2104aa31,Cypress,50,input:type:121220204,"cy.get('@input')
                .type('121220204')",121220204,literal_input,literal_input,unclear,indeterminate_or_insufficient_evidence,visible,ui_text_entry,@input,unknown,@input,string_literal,,needs_review_flag;low_plausibility_confidence;visible_unclear,ast_value_argument,,,,,,,n/a,Reviewed review-queue row; use primary source_plausibility_audit_sample for correctness metrics.
facebook/lexical,55e54339642bd60cbe48b887f3b0c139,Playwright,2499,input:type:b,page.keyboard.type('b'),b,literal_input,literal_input,unclear,indeterminate_or_insufficient_evidence,visible,ui_text_entry,,unknown,,string_literal,,needs_review_flag;low_plausibility_confidence;visible_unclear,ast_value_argument,,,,,,,n/a,Reviewed review-queue row; use primary source_plausibility_audit_sample for correctness metrics.
mattermost/mattermost,7adbc5a71c91b0891efeaed010faf8fc,Cypress,97,input:type:s,cy.get('body').type('{uparrow}{uparrow}').type('s'),s,literal_input,literal_input,unclear,indeterminate_or_insufficient_evidence,visible,ui_text_entry,body,unknown,body,string_literal,,needs_review_flag;low_plausibility_confidence;visible_unclear,ast_value_argument,,,,,,,n/a,Reviewed review-queue row; use primary source_plausibility_audit_sample for correctness metrics.
refactoringhq/tolaria,c920948459166b38ca715220679ab15d,Playwright,54,input:type:a,page.keyboard.type('a'),a,literal_input,literal_input,unclear,indeterminate_or_insufficient_evidence,visible,ui_text_entry,,unknown,,string_literal,,needs_review_flag;low_plausibility_confidence;visible_unclear,ast_value_argument,,,,,,,n/a,Reviewed review-queue row; use primary source_plausibility_audit_sample for correctness metrics.
mattermost/mattermost,57f484c549dce4cbc5a99946d0cda565,Cypress,42,input:type:k,cy.typeCmdOrCtrl().type('k'),k,literal_input,literal_input,unclear,indeterminate_or_insufficient_evidence,visible,ui_text_entry,,unknown,,string_literal,,needs_review_flag;low_plausibility_confidence;visible_unclear,ast_value_argument,,,,,,,n/a,Reviewed review-queue row; use primary source_plausibility_audit_sample for correctness metrics.
taiga-family/maskito,73300cb17c46e1d381861567aff3bee1,Cypress,81,input:type:10112002,cy.get('@input').type('10112002'),10112002,literal_input,literal_input,unclear,indeterminate_or_insufficient_evidence,visible,ui_text_entry,@input,unknown,@input,string_literal,,needs_review_flag;low_plausibility_confidence;visible_unclear,ast_value_argument,,,,,,,n/a,Reviewed review-queue row; use primary source_plausibility_audit_sample for correctness metrics.
UI5/webcomponents,c3c584661d6d33779d338b7bf0215a27,Cypress,1241,input:realType:A,"cy.get(""@input"").realType(""A"")",A,literal_input,literal_input,unclear,indeterminate_or_insufficient_evidence,visible,ui_text_entry,@input,unknown,@input,string_literal,,needs_review_flag;low_plausibility_confidence;visible_unclear,ast_value_argument,,,,,,,n/a,Reviewed review-queue row; use primary source_plausibility_audit_sample for correctness metrics.
UI5/webcomponents,c09c283035791231364690535a8f54d2,Cypress,3659,input:realType:a,"cy.get(""@input"").realType(""a"")",a,literal_input,literal_input,unclear,indeterminate_or_insufficient_evidence,visible,ui_text_entry,@input,unknown,@input,string_literal,,needs_review_flag;low_plausibility_confidence;visible_unclear,ast_value_argument,,,,,,,n/a,Reviewed review-queue row; use primary source_plausibility_audit_sample for correctness metrics.
ionic-team/ionic-framework,e50729a5730ffc7c939853bfd00561f8,Playwright,157,input:fill:A,page.locator('#touched-input-otp-text-test input').nth(0).fill('A'),A,literal_input,literal_input,unclear,indeterminate_or_insufficient_evidence,visible,ui_text_entry,touched input otp text test input,unknown,#touched-input-otp-text-test input,string_literal,,needs_review_flag;low_plausibility_confidence;visible_unclear,ast_value_argument,,,,,,,n/a,Reviewed review-queue row; use primary source_plausibility_audit_sample for correctness metrics.
midas-research/audino,0ecc3fd575f685badf0cb9f33e886259,Cypress,54,"input:realPress:['ControlLeft', 'a']","cy.get('.cvat-raw-labels-viewer').realPress(['ControlLeft', 'a'])","['ControlLeft', 'a']",literal_input,variable_input,unclear,indeterminate_or_insufficient_evidence,visible,keyboard_input,cvat raw labels viewer,domain_text_field,.cvat-raw-labels-viewer,array_literal,,needs_review_flag;low_plausibility_confidence;visible_unclear;ast_regex_mismatch:source_class,ast_value_argument,,,,,,,n/a,Reviewed review-queue row; use primary source_plausibility_audit_sample for correctness metrics.
UI5/webcomponents,83440657b65a8114f7918a629b3d88dc,Cypress,1732,input:realPress:I,"cy.get(""[ui5-search]"")
			.realPress(""I"")",I,literal_input,variable_input,unclear,indeterminate_or_insufficient_evidence,visible,keyboard_input,[ui5 search],domain_text_field,[ui5-search],string_literal,,needs_review_flag;low_plausibility_confidence;visible_unclear;ast_regex_mismatch:source_class,ast_value_argument,,,,,,,n/a,Reviewed review-queue row; use primary source_plausibility_audit_sample for correctness metrics.
UI5/webcomponents,33816490474404d2e9dacc9c8b86114f,Cypress,1400,input:realPress:s,"cy.get(""[ui5-search]"")
			.realPress(""s"")",s,literal_input,variable_input,unclear,indeterminate_or_insufficient_evidence,visible,keyboard_input,[ui5 search],domain_text_field,[ui5-search],string_literal,,needs_review_flag;low_plausibility_confidence;visible_unclear;ast_regex_mismatch:source_class,ast_value_argument,,,,,,,n/a,Reviewed review-queue row; use primary source_plausibility_audit_sample for correctness metrics.
UI5/webcomponents,00501e1304c08e3258a147d2d7099dca,Cypress,317,input:realPress:c,"cy.get(""@searchfield"")
				.realPress(""a"")
				.realPress(""b"")
				.realPress(""c"")",c,literal_input,variable_input,unclear,indeterminate_or_insufficient_evidence,visible,keyboard_input,@searchfield,domain_text_field,@searchfield,string_literal,,needs_review_flag;low_plausibility_confidence;visible_unclear;ast_regex_mismatch:source_class,ast_value_argument,,,,,,,n/a,Reviewed review-queue row; use primary source_plausibility_audit_sample for correctness metrics.
UI5/webcomponents,9127b4d384637a37eaa987cb88938302,Cypress,2027,input:realPress:I,"cy.get(""[ui5-search]"")
			.shadow()
			.find(""input"")
			.realPress(""I"")",I,literal_input,variable_input,unclear,indeterminate_or_insufficient_evidence,visible,keyboard_input,[ui5 search],domain_text_field,[ui5-search],string_literal,,needs_review_flag;low_plausibility_confidence;visible_unclear;ast_regex_mismatch:source_class,ast_value_argument,,,,,,,n/a,Reviewed review-queue row; use primary source_plausibility_audit_sample for correctness metrics.
UI5/webcomponents,74c090452beb896e4a64ecb7a6cec1b2,Cypress,56,input:realPress:L,"cy.get(""[ui5-search]"")
			.realPress(""L"")",L,literal_input,variable_input,unclear,indeterminate_or_insufficient_evidence,visible,keyboard_input,[ui5 search],domain_text_field,[ui5-search],string_literal,,needs_review_flag;low_plausibility_confidence;visible_unclear;ast_regex_mismatch:source_class,ast_value_argument,,,,,,,n/a,Reviewed review-queue row; use primary source_plausibility_audit_sample for correctness metrics.
UI5/webcomponents,12250f4f57d44a6eabfc917fc77acde0,Cypress,292,input:realPress:I,"cy.get(""[ui5-search]"")
			.realPress(""I"")",I,literal_input,variable_input,unclear,indeterminate_or_insufficient_evidence,visible,keyboard_input,[ui5 search],domain_text_field,[ui5-search],string_literal,,needs_review_flag;low_plausibility_confidence;visible_unclear;ast_regex_mismatch:source_class,ast_value_argument,,,,,,,n/a,Reviewed review-queue row; use primary source_plausibility_audit_sample for correctness metrics.
SonicJs-Org/sonicjs,f41fbc2a221e1e023f0c59ee0aefbb32,Playwright,342,input:selectOption:all,statusSelect.selectOption('all'),all,literal_input,variable_input,unclear,indeterminate_or_insufficient_evidence,visible,ui_selection,,domain_selection_field,,string_literal,,needs_review_flag;low_plausibility_confidence;visible_unclear;ast_regex_mismatch:source_class,ast_value_argument,,,,,,,n/a,Reviewed review-queue row; use primary source_plausibility_audit_sample for correctness metrics.
npmx-dev/npmx.dev,b9518fb83a88a2fd32599ae9f823870f,Playwright,181,input:selectOption:admin,orgManagement.locator('#new-member-role').selectOption('admin'),admin,literal_input,variable_input,unclear,indeterminate_or_insufficient_evidence,visible,ui_selection,new member role,domain_selection_field,#new-member-role,string_literal,,needs_review_flag;low_plausibility_confidence;visible_unclear;ast_regex_mismatch:source_class,ast_value_argument,,,,,,,n/a,Reviewed review-queue row; use primary source_plausibility_audit_sample for correctness metrics.
UI5/webcomponents,124bb44dd902f961095c2403788db0d1,Cypress,317,input:realPress:I,"cy.get(""[ui5-search]"")
			.realPress(""I"")",I,literal_input,variable_input,unclear,indeterminate_or_insufficient_evidence,visible,keyboard_input,[ui5 search],domain_text_field,[ui5-search],string_literal,,needs_review_flag;low_plausibility_confidence;visible_unclear;ast_regex_mismatch:source_class,ast_value_argument,,,,,,,n/a,Reviewed review-queue row; use primary source_plausibility_audit_sample for correctness metrics.
SonicJs-Org/sonicjs,5bde2ba87cac54a92edc951225a08457,Playwright,51,input:selectOption:en,"page.locator('select[name=""language""]').selectOption('en')",en,literal_input,variable_input,unclear,indeterminate_or_insufficient_evidence,visible,ui_selection,"select[name=""language""]",domain_text_field,"select[name=""language""]",string_literal,,needs_review_flag;low_plausibility_confidence;visible_unclear;ast_regex_mismatch:source_class,ast_value_argument,,,,,,,n/a,Reviewed review-queue row; use primary source_plausibility_audit_sample for correctness metrics.
UI5/webcomponents,1a65c670f23ae92e29d397c435de51a3,Cypress,1194,input:realPress:I,"cy.get(""[ui5-search]"")
			.realPress(""I"")",I,literal_input,variable_input,unclear,indeterminate_or_insufficient_evidence,visible,keyboard_input,[ui5 search],domain_text_field,[ui5-search],string_literal,,needs_review_flag;low_plausibility_confidence;visible_unclear;ast_regex_mismatch:source_class,ast_value_argument,,,,,,,n/a,Reviewed review-queue row; use primary source_plausibility_audit_sample for correctness metrics.
UI5/webcomponents,dfeed80e7f1094cdd4a71195e09c763b,Cypress,1799,input:realPress:t,"cy.get(""@labelRoot"").realPress(""t"")",t,literal_input,variable_input,unclear,indeterminate_or_insufficient_evidence,visible,keyboard_input,@labelRoot,domain_text_field,@labelRoot,string_literal,,needs_review_flag;low_plausibility_confidence;visible_unclear;ast_regex_mismatch:source_class,ast_value_argument,,,,,,,n/a,Reviewed review-queue row; use primary source_plausibility_audit_sample for correctness metrics.
UI5/webcomponents,3b3034db4ff30ea3a563f12da2dd1230,Cypress,369,input:realPress:I,"cy.get(""[ui5-search]"")
			.realPress(""I"")",I,literal_input,variable_input,unclear,indeterminate_or_insufficient_evidence,visible,keyboard_input,[ui5 search],domain_text_field,[ui5-search],string_literal,,needs_review_flag;low_plausibility_confidence;visible_unclear;ast_regex_mismatch:source_class,ast_value_argument,,,,,,,n/a,Reviewed review-queue row; use primary source_plausibility_audit_sample for correctness metrics.
BuilderIO/builder,73e93313b5f4379adb96a864fe212b1f,Playwright,75,input:selectOption:20-30,page.locator('select').selectOption('20-30'),20-30,literal_input,variable_input,unclear,indeterminate_or_insufficient_evidence,visible,ui_selection,select,domain_selection_field,select,string_literal,,needs_review_flag;low_plausibility_confidence;visible_unclear;ast_regex_mismatch:source_class,ast_value_argument,,,,,,,n/a,Reviewed review-queue row; use primary source_plausibility_audit_sample for correctness metrics.
UI5/webcomponents,c14cdc8f02fc40c4a6359b27e3b7d257,Cypress,1495,input:realPress:I,"cy.get(""[ui5-search]"")
			.realPress(""I"")",I,literal_input,variable_input,unclear,indeterminate_or_insufficient_evidence,visible,keyboard_input,[ui5 search],domain_text_field,[ui5-search],string_literal,,needs_review_flag;low_plausibility_confidence;visible_unclear;ast_regex_mismatch:source_class,ast_value_argument,,,,,,,n/a,Reviewed review-queue row; use primary source_plausibility_audit_sample for correctness metrics.
UI5/webcomponents,c2b8446b3d63dadb0985d8da588be452,Cypress,1461,input:realPress:I,"cy.get(""[ui5-search]"")
			.realPress(""I"")",I,literal_input,variable_input,unclear,indeterminate_or_insufficient_evidence,visible,keyboard_input,[ui5 search],domain_text_field,[ui5-search],string_literal,,needs_review_flag;low_plausibility_confidence;visible_unclear;ast_regex_mismatch:source_class,ast_value_argument,,,,,,,n/a,Reviewed review-queue row; use primary source_plausibility_audit_sample for correctness metrics.
UI5/webcomponents,00501e1304c08e3258a147d2d7099dca,Cypress,317,input:realPress:b,"cy.get(""@searchfield"")
				.realPress(""a"")
				.realPress(""b"")",b,literal_input,variable_input,unclear,indeterminate_or_insufficient_evidence,visible,keyboard_input,@searchfield,domain_text_field,@searchfield,string_literal,,needs_review_flag;low_plausibility_confidence;visible_unclear;ast_regex_mismatch:source_class,ast_value_argument,,,,,,,n/a,Reviewed review-queue row; use primary source_plausibility_audit_sample for correctness metrics.
UI5/webcomponents,ea8e902fc624efeebb83d04d2ac29bb9,Cypress,1584,input:realPress:I,"cy.get(""[ui5-search]"")
			.realPress(""I"")",I,literal_input,variable_input,unclear,indeterminate_or_insufficient_evidence,visible,keyboard_input,[ui5 search],domain_text_field,[ui5-search],string_literal,,needs_review_flag;low_plausibility_confidence;visible_unclear;ast_regex_mismatch:source_class,ast_value_argument,,,,,,,n/a,Reviewed review-queue row; use primary source_plausibility_audit_sample for correctness metrics.
UI5/webcomponents,a264eb2a815020fbeec9a6f8a58bd1ac,Cypress,149,input:realPress:L,"cy.get(""[ui5-search]"")
			.realPress(""L"")",L,literal_input,variable_input,unclear,indeterminate_or_insufficient_evidence,visible,keyboard_input,[ui5 search],domain_text_field,[ui5-search],string_literal,,needs_review_flag;low_plausibility_confidence;visible_unclear;ast_regex_mismatch:source_class,ast_value_argument,,,,,,,n/a,Reviewed review-queue row; use primary source_plausibility_audit_sample for correctness metrics.
jsonwebtoken/jsonwebtoken.github.io,d5be60d5237947465b04e3b5ad10cd85,Playwright,255,input:fill:jwt,jwtEditorInput.fill(jwt),jwt,variable_from_external_file,variable_input,domain_plausible_input,domain_plausible_input,opaque,ui_text_entry,,unknown,,identifier,,needs_review_flag;low_provenance_confidence,ast_provenance,,,e2e/jwt.json,,,,n/a,Reviewed review-queue row; use primary source_plausibility_audit_sample for correctness metrics.
jsonwebtoken/jsonwebtoken.github.io,d5be60d5237947465b04e3b5ad10cd85,Playwright,287,input:fill:jwt,jwtEditorInput.fill(jwt),jwt,variable_from_external_file,variable_input,domain_plausible_input,domain_plausible_input,opaque,ui_text_entry,,unknown,,identifier,,needs_review_flag;low_provenance_confidence,ast_provenance,,,e2e/jwt.json,,,,n/a,Reviewed review-queue row; use primary source_plausibility_audit_sample for correctness metrics.
taiga-family/maskito,621e2b124b1ccd4a6a40c1ac42ae136e,Cypress,97,input:type:aabbcc,"cy.get('@input')
                .type('aabbcc')",aabbcc,literal_input,literal_input,unclear,indeterminate_or_insufficient_evidence,visible,ui_text_entry,@input,unknown,@input,string_literal,,needs_review_flag;visible_unclear,ast_value_argument,,,,,,,n/a,Reviewed review-queue row; use primary source_plausibility_audit_sample for correctness metrics.
influxdata/chronograf,780a08203357a306977d9b9ed4b2475c,Cypress,57,input:type:Dashboard,cy.getByTestID('dashboard-filter--input').clear().type('Dashboard'),Dashboard,literal_input,literal_input,unclear,indeterminate_or_insufficient_evidence,visible,ui_text_entry,,unknown,,string_literal,,needs_review_flag;visible_unclear,ast_value_argument,,,,,,,n/a,Reviewed review-queue row; use primary source_plausibility_audit_sample for correctness metrics.
jupyter/nbdime,8bfff972873ee68ff9237a1fab5426c8,Playwright,6,input:fill:data/merge_test2/center.ipynb,page.locator('#merge-base').fill('data/merge_test2/center.ipynb'),data/merge_test2/center.ipynb,literal_input,literal_input,unclear,indeterminate_or_insufficient_evidence,visible,ui_text_entry,merge base,unknown,#merge-base,string_literal,,needs_review_flag;visible_unclear,ast_value_argument,,,,,,,n/a,Reviewed review-queue row; use primary source_plausibility_audit_sample for correctness metrics.
facebook/lexical,64694926e751c755cffd47194cae81c0,Playwright,1336,input:type:helloworld,page.keyboard.type('helloworld'),helloworld,literal_input,literal_input,unclear,indeterminate_or_insufficient_evidence,visible,ui_text_entry,,unknown,,string_literal,,needs_review_flag;visible_unclear,ast_value_argument,,,,,,,n/a,Reviewed review-queue row; use primary source_plausibility_audit_sample for correctness metrics.
plasmicapp/plasmic,c04cc749935effc24ea0a4101994c34a,Playwright,374,input:type:onClick,"page.keyboard.type(""onClick"")",onClick,literal_input,literal_input,unclear,indeterminate_or_insufficient_evidence,visible,ui_text_entry,,unknown,,string_literal,,needs_review_flag;visible_unclear,ast_value_argument,,,,,,,n/a,Reviewed review-queue row; use primary source_plausibility_audit_sample for correctness metrics.
facebook/lexical,59663a4dca2265c16b19f1b788d3d04a,Playwright,86,input:type:World,page.keyboard.type('World'),World,literal_input,literal_input,unclear,indeterminate_or_insufficient_evidence,visible,ui_text_entry,,unknown,,string_literal,,needs_review_flag;visible_unclear,ast_value_argument,,,,,,,n/a,Reviewed review-queue row; use primary source_plausibility_audit_sample for correctness metrics.
jupyter/nbdime,6ea370ce9c60b1750eb233f6d1f92f5a,Playwright,7,input:fill:data/merge_test4/right.ipynb,page.locator('#merge-remote').fill('data/merge_test4/right.ipynb'),data/merge_test4/right.ipynb,literal_input,literal_input,unclear,indeterminate_or_insufficient_evidence,visible,ui_text_entry,merge remote,unknown,#merge-remote,string_literal,,needs_review_flag;visible_unclear,ast_value_argument,,,,,,,n/a,Reviewed review-queue row; use primary source_plausibility_audit_sample for correctness metrics.
bluesky-social/ozone,90cd9862c81a48df917f7e9b5c456989,Cypress,54,input:type:alice.test,cy.get('#account-handle').type('alice.test'),alice.test,literal_input,literal_input,unclear,indeterminate_or_insufficient_evidence,visible,ui_text_entry,account handle,unknown,#account-handle,string_literal,,needs_review_flag;visible_unclear,ast_value_argument,,,,,,,n/a,Reviewed review-queue row; use primary source_plausibility_audit_sample for correctness metrics.
ionic-team/ionic-framework,dff9fcabe9d3a2bf7271f6514d01ebfd,Playwright,62,input:fill:hola,page.locator('ion-input').nth(0).locator('input').fill('hola'),hola,literal_input,literal_input,unclear,indeterminate_or_insufficient_evidence,visible,ui_text_entry,input,unknown,input,string_literal,,needs_review_flag;visible_unclear,ast_value_argument,,,,,,,n/a,Reviewed review-queue row; use primary source_plausibility_audit_sample for correctness metrics.
jupyterlab/jupyterlab,07a2428276e3652bfd00ab0128d4897f,Playwright,230,input:type:Heading 3,page.keyboard.type('Heading 3'),Heading 3,literal_input,literal_input,unclear,indeterminate_or_insufficient_evidence,visible,ui_text_entry,,unknown,,string_literal,,needs_review_flag;visible_unclear,ast_value_argument,,,,,,,n/a,Reviewed review-queue row; use primary source_plausibility_audit_sample for correctness metrics.
payloadcms/payload,032be23e06296bc152401cc73724f390,Playwright,734,input:fill:custom,page.locator('#field-id').fill('custom'),custom,literal_input,literal_input,unclear,indeterminate_or_insufficient_evidence,visible,ui_text_entry,id,unknown,#field-id,string_literal,,needs_review_flag;visible_unclear,ast_value_argument,,,,,,,n/a,Reviewed review-queue row; use primary source_plausibility_audit_sample for correctness metrics.
facebook/lexical,3f3180955de27debf0494764c73007da,Playwright,738,input:type:HelloWorld,page.keyboard.type('HelloWorld'),HelloWorld,literal_input,literal_input,unclear,indeterminate_or_insufficient_evidence,visible,ui_text_entry,,unknown,,string_literal,,needs_review_flag;visible_unclear,ast_value_argument,,,,,,,n/a,Reviewed review-queue row; use primary source_plausibility_audit_sample for correctness metrics.
facebook/lexical,1c44129b6e971f15dc05315978d66220,Playwright,147,input:type:Line2,page.keyboard.type('Line2'),Line2,literal_input,literal_input,unclear,indeterminate_or_insufficient_evidence,visible,ui_text_entry,,unknown,,string_literal,,needs_review_flag;visible_unclear,ast_value_argument,,,,,,,n/a,Reviewed review-queue row; use primary source_plausibility_audit_sample for correctness metrics.
jupyter/nbdime,5f980660148d106e778a8800c4cb120a,Playwright,5,input:fill:data/diff_test1/left.ipynb,page.locator('#diff-remote').fill('data/diff_test1/left.ipynb'),data/diff_test1/left.ipynb,literal_input,literal_input,unclear,indeterminate_or_insufficient_evidence,visible,ui_text_entry,diff remote,unknown,#diff-remote,string_literal,,needs_review_flag;visible_unclear,ast_value_argument,,,,,,,n/a,Reviewed review-queue row; use primary source_plausibility_audit_sample for correctness metrics.
jupyter/nbdime,02ec7994253c68d9eb1fada74f77e5dc,Playwright,5,input:fill:data/merge_test2/left.ipynb,page.locator('#merge-local').fill('data/merge_test2/left.ipynb'),data/merge_test2/left.ipynb,literal_input,literal_input,unclear,indeterminate_or_insufficient_evidence,visible,ui_text_entry,merge local,unknown,#merge-local,string_literal,,needs_review_flag;visible_unclear,ast_value_argument,,,,,,,n/a,Reviewed review-queue row; use primary source_plausibility_audit_sample for correctness metrics.
jupyter/nbdime,0d1de83be2b53dfeaf09188ee339a6a8,Playwright,7,input:fill:data/merge_test3/right.ipynb,page.locator('#merge-remote').fill('data/merge_test3/right.ipynb'),data/merge_test3/right.ipynb,literal_input,literal_input,unclear,indeterminate_or_insufficient_evidence,visible,ui_text_entry,merge remote,unknown,#merge-remote,string_literal,,needs_review_flag;visible_unclear,ast_value_argument,,,,,,,n/a,Reviewed review-queue row; use primary source_plausibility_audit_sample for correctness metrics.
facebook/lexical,dba3fe3f83d372d33305a01394aa4073,Playwright,64,input:type:item 3,page.keyboard.type('item 3'),item 3,literal_input,literal_input,unclear,indeterminate_or_insufficient_evidence,visible,ui_text_entry,,unknown,,string_literal,,needs_review_flag;visible_unclear,ast_value_argument,,,,,,,n/a,Reviewed review-queue row; use primary source_plausibility_audit_sample for correctness metrics.
facebook/lexical,2420f68e4043961a5fe86925788b6428,Playwright,427,input:type:three,page.keyboard.type('three'),three,literal_input,literal_input,unclear,indeterminate_or_insufficient_evidence,visible,ui_text_entry,,unknown,,string_literal,,needs_review_flag;visible_unclear,ast_value_argument,,,,,,,n/a,Reviewed review-queue row; use primary source_plausibility_audit_sample for correctness metrics.
bluesky-social/ozone,4dd5c213d9d0c0830072ec5e6f83d9b6,Cypress,54,input:type:alice.test,cy.get('#account-handle').type('alice.test'),alice.test,literal_input,literal_input,unclear,indeterminate_or_insufficient_evidence,visible,ui_text_entry,account handle,unknown,#account-handle,string_literal,,needs_review_flag;visible_unclear,ast_value_argument,,,,,,,n/a,Reviewed review-queue row; use primary source_plausibility_audit_sample for correctness metrics.
jupyter/nbdime,d8f5f07ebc854ca57648826469530805,Playwright,5,input:fill:data/merge_test2/left.ipynb,page.locator('#merge-local').fill('data/merge_test2/left.ipynb'),data/merge_test2/left.ipynb,literal_input,literal_input,unclear,indeterminate_or_insufficient_evidence,visible,ui_text_entry,merge local,unknown,#merge-local,string_literal,,needs_review_flag;visible_unclear,ast_value_argument,,,,,,,n/a,Reviewed review-queue row; use primary source_plausibility_audit_sample for correctness metrics.
payloadcms/payload,ef84734a9a22b93713f3458aae0ab173,Playwright,619,input:type:Upload,page.keyboard.type('Upload'),Upload,literal_input,file_upload_input,unclear,indeterminate_or_insufficient_evidence,visible,ui_text_entry,,unknown,,string_literal,,needs_review_flag;visible_unclear;ast_regex_mismatch:source_class,ast_value_argument,,,,,,,n/a,Reviewed review-queue row; use primary source_plausibility_audit_sample for correctness metrics.
SonicJs-Org/sonicjs,9296a3af8bb24b6ca41be9b4ef1dd5c2,Playwright,51,input:selectOption:external,ctaPrimaryMode.selectOption('external'),external,literal_input,variable_input,unclear,indeterminate_or_insufficient_evidence,visible,ui_selection,,domain_selection_field,,string_literal,,needs_review_flag;visible_unclear;ast_regex_mismatch:source_class,ast_value_argument,,,,,,,n/a,Reviewed review-queue row; use primary source_plausibility_audit_sample for correctness metrics.
pierrecomputer/pierre,fd86f5f79b048c29e45f0e9729335fa5,Playwright,137,input:selectOption:demo-small,page.locator('#workload').selectOption('demo-small'),demo-small,literal_input,variable_input,unclear,indeterminate_or_insufficient_evidence,visible,ui_selection,workload,domain_selection_field,#workload,string_literal,,needs_review_flag;visible_unclear;ast_regex_mismatch:source_class,ast_value_argument,,,,,,,n/a,Reviewed review-queue row; use primary source_plausibility_audit_sample for correctness metrics.
payloadcms/payload,2e0cdc9150cc8911fc836abc12bba2b2,Playwright,1566,input:fill:prefix-three,bulkUploadModal.locator('#field-prefix').fill('prefix-three'),prefix-three,literal_input,file_upload_input,unclear,indeterminate_or_insufficient_evidence,visible,ui_text_entry,prefix,unknown,#field-prefix,string_literal,,needs_review_flag;visible_unclear;ast_regex_mismatch:source_class,ast_value_argument,,,,,,,n/a,Reviewed review-queue row; use primary source_plausibility_audit_sample for correctness metrics.
CopilotKit/CopilotKit,c2cd8594d112de0a32916382ce5bdc3c,Playwright,45,input:selectOption:Asia/Tokyo,"page.getByTestId(""ctx-timezone"").selectOption(""Asia/Tokyo"")",Asia/Tokyo,literal_input,variable_input,unclear,indeterminate_or_insufficient_evidence,visible,ui_selection,ctx timezone,domain_selection_field,ctx-timezone,string_literal,,needs_review_flag;visible_unclear;ast_regex_mismatch:source_class,ast_value_argument,,,,,,,n/a,Reviewed review-queue row; use primary source_plausibility_audit_sample for correctness metrics.
SonicJs-Org/sonicjs,1035ce0e18cebe9d9204a6908693e3a0,Playwright,226,input:selectOption:active,"page.selectOption('#status-filter', 'active')",active,literal_input,variable_input,unclear,indeterminate_or_insufficient_evidence,visible,ui_selection,status filter,domain_selection_field,,string_literal,,needs_review_flag;visible_unclear;ast_regex_mismatch:source_class,ast_value_argument,,,,,,,n/a,Reviewed review-queue row; use primary source_plausibility_audit_sample for correctness metrics.
SonicJs-Org/sonicjs,32da736dd73f723b1013369876f137c5,Playwright,78,input:selectOption:active,"page.selectOption('#status-filter', 'active')",active,literal_input,variable_input,unclear,indeterminate_or_insufficient_evidence,visible,ui_selection,status filter,domain_selection_field,,string_literal,,needs_review_flag;visible_unclear;ast_regex_mismatch:source_class,ast_value_argument,,,,,,,n/a,Reviewed review-queue row; use primary source_plausibility_audit_sample for correctness metrics.
pierrecomputer/pierre,048bd09a2bf15cf1efad7e38b289f3f4,Playwright,221,input:selectOption:right-click,"page
      .locator('[data-test-item-customization-trigger-mode=""true""]')
      .selectOption('right-click')",right-click,literal_input,variable_input,unclear,indeterminate_or_insufficient_evidence,visible,ui_selection,"[data test item customization trigger mode=""true""]",domain_selection_field,"[data-test-item-customization-trigger-mode=""true""]",string_literal,,needs_review_flag;visible_unclear;ast_regex_mismatch:source_class,ast_value_argument,,,,,,,n/a,Reviewed review-queue row; use primary source_plausibility_audit_sample for correctness metrics.
ionic-team/ionic-framework,5c9c1c76b1f9642c4cf684b56855faf2,Playwright,74,input:selectOption:month-year,page.locator('select').selectOption('month-year'),month-year,literal_input,variable_input,unclear,indeterminate_or_insufficient_evidence,visible,ui_selection,select,domain_selection_field,select,string_literal,,needs_review_flag;visible_unclear;ast_regex_mismatch:source_class,ast_value_argument,,,,,,,n/a,Reviewed review-queue row; use primary source_plausibility_audit_sample for correctness metrics.
payloadcms/payload,951888de941de860231a20cc1cf69115,Playwright,1651,input:fill:test-prefix,bulkUploadModal.locator('#field-prefix').fill('test-prefix'),test-prefix,literal_input,file_upload_input,unclear,indeterminate_or_insufficient_evidence,visible,ui_text_entry,prefix,unknown,#field-prefix,string_literal,,needs_review_flag;visible_unclear;ast_regex_mismatch:source_class,ast_value_argument,,,,,,,n/a,Reviewed review-queue row; use primary source_plausibility_audit_sample for correctness metrics.
SonicJs-Org/sonicjs,4b38b410cf79208e8d6c3e586db9e0f6,Playwright,34,input:selectOption:grid,viewSelector.selectOption('grid'),grid,literal_input,variable_input,unclear,indeterminate_or_insufficient_evidence,visible,ui_selection,,domain_selection_field,,string_literal,,needs_review_flag;visible_unclear;ast_regex_mismatch:source_class,ast_value_argument,,,,,,,n/a,Reviewed review-queue row; use primary source_plausibility_audit_sample for correctness metrics.
git-truck/git-truck,3d3b26175eb7a7e3bf3b872660b20f0b,Playwright,14,input:selectOption:main,"page.getByTestId(""revision-select-git-truck"").selectOption(""main"")",main,literal_input,variable_input,unclear,indeterminate_or_insufficient_evidence,visible,ui_selection,revision select git truck,domain_selection_field,revision-select-git-truck,string_literal,,needs_review_flag;visible_unclear;ast_regex_mismatch:source_class,ast_value_argument,,,,,,,n/a,Reviewed review-queue row; use primary source_plausibility_audit_sample for correctness metrics.
payloadcms/payload,2e0cdc9150cc8911fc836abc12bba2b2,Playwright,1554,input:fill:prefix-one,bulkUploadModal.locator('#field-prefix').fill('prefix-one'),prefix-one,literal_input,file_upload_input,unclear,indeterminate_or_insufficient_evidence,visible,ui_text_entry,prefix,unknown,#field-prefix,string_literal,,needs_review_flag;visible_unclear;ast_regex_mismatch:source_class,ast_value_argument,,,,,,,n/a,Reviewed review-queue row; use primary source_plausibility_audit_sample for correctness metrics.
CopilotKit/CopilotKit,15f1b36a8e6a9679f334869820847eba,Playwright,23,input:selectOption:Europe/London,"tz.selectOption(""Europe/London"")",Europe/London,literal_input,variable_input,unclear,indeterminate_or_insufficient_evidence,visible,ui_selection,,domain_selection_field,,string_literal,,needs_review_flag;visible_unclear;ast_regex_mismatch:source_class,ast_value_argument,,,,,,,n/a,Reviewed review-queue row; use primary source_plausibility_audit_sample for correctness metrics.
SonicJs-Org/sonicjs,4b38b410cf79208e8d6c3e586db9e0f6,Playwright,24,input:selectOption:list,viewSelector.selectOption('list'),list,literal_input,variable_input,unclear,indeterminate_or_insufficient_evidence,visible,ui_selection,,domain_selection_field,,string_literal,,needs_review_flag;visible_unclear;ast_regex_mismatch:source_class,ast_value_argument,,,,,,,n/a,Reviewed review-queue row; use primary source_plausibility_audit_sample for correctness metrics.
surveyjs/survey-library,a7ca776dc0767e8b1859cf64af8da387,Playwright,65,input:selectOption:Cuba,"page.selectOption(""select"", ""Cuba"")",Cuba,literal_input,variable_input,unclear,indeterminate_or_insufficient_evidence,visible,ui_selection,select,domain_selection_field,,string_literal,,needs_review_flag;visible_unclear;ast_regex_mismatch:source_class,ast_value_argument,,,,,,,n/a,Reviewed review-queue row; use primary source_plausibility_audit_sample for correctness metrics.
ionic-team/ionic-framework,1864639a5537085d6274bd11bc4e6651,Playwright,102,input:selectOption:year,page.locator('select').selectOption('year'),year,literal_input,variable_input,unclear,indeterminate_or_insufficient_evidence,visible,ui_selection,select,domain_selection_field,select,string_literal,,needs_review_flag;visible_unclear;ast_regex_mismatch:source_class,ast_value_argument,,,,,,,n/a,Reviewed review-queue row; use primary source_plausibility_audit_sample for correctness metrics.
quran/quran.com-frontend-next,14c5cc3675ca595daf6fb9842dbf8e09,Playwright,81,input:selectOption:arabic,languageSelect.selectOption('arabic'),arabic,literal_input,variable_input,unclear,indeterminate_or_insufficient_evidence,visible,ui_selection,,domain_selection_field,,string_literal,,needs_review_flag;visible_unclear;ast_regex_mismatch:source_class,ast_value_argument,,,,,,,n/a,Reviewed review-queue row; use primary source_plausibility_audit_sample for correctness metrics.
ionic-team/ionic-framework,168de231e4ccafaaf00f38907a2c26f0,Playwright,143,input:selectOption:date-time,select.selectOption('date-time'),date-time,literal_input,variable_input,unclear,indeterminate_or_insufficient_evidence,visible,ui_selection,,domain_selection_field,,string_literal,,needs_review_flag;visible_unclear;ast_regex_mismatch:source_class,ast_value_argument,,,,,,,n/a,Reviewed review-queue row; use primary source_plausibility_audit_sample for correctness metrics.
SonicJs-Org/sonicjs,699da3111d9105ba18480eeeaf9ae524,Playwright,43,input:selectOption:security,"page.selectOption('#category-filter', 'security')",security,literal_input,variable_input,unclear,indeterminate_or_insufficient_evidence,visible,ui_selection,category filter,domain_selection_field,,string_literal,,needs_review_flag;visible_unclear;ast_regex_mismatch:source_class,ast_value_argument,,,,,,,n/a,Reviewed review-queue row; use primary source_plausibility_audit_sample for correctness metrics.
